{
  "graphs" : [ {
    "nodes" : [ {
      "id" : "http://purl.obolibrary.org/obo/BFO_0000019",
      "meta" : {
        "basicPropertyValues" : [ {
          "pred" : "http://purl.obolibrary.org/obo/BFO_0000180",
          "val" : "Quality"
        }, {
          "pred" : "http://purl.obolibrary.org/obo/IAO_0000602",
          "val" : "(forall (x) (if (Quality x) (SpecificallyDependentContinuant x))) // axiom label in BFO2 CLIF: [055-001] "
        }, {
          "pred" : "http://purl.obolibrary.org/obo/IAO_0000112",
          "val" : "the color of a tomato"
        }, {
          "pred" : "http://purl.obolibrary.org/obo/IAO_0000112",
          "val" : "the shape of your nose"
        }, {
          "pred" : "http://purl.obolibrary.org/obo/BFO_0000179",
          "val" : "quality"
        }, {
          "pred" : "http://purl.obolibrary.org/obo/IAO_0000600",
          "val" : "a quality is a specifically dependent continuant that, in contrast to roles and dispositions, does not require any further process in order to be realized. (axiom label in BFO2 Reference: [055-001])"
        }, {
          "pred" : "http://www.w3.org/2000/01/rdf-schema#isDefinedBy",
          "val" : "http://purl.obolibrary.org/obo/bfo.owl"
        }, {
          "pred" : "http://purl.obolibrary.org/obo/IAO_0000112",
          "val" : "the shape of your nostril"
        }, {
          "pred" : "http://purl.obolibrary.org/obo/IAO_0000601",
          "val" : "If an entity is a quality at any time that it exists, then it is a quality at every time that it exists. (axiom label in BFO2 Reference: [105-001])"
        }, {
          "pred" : "http://purl.obolibrary.org/obo/IAO_0000112",
          "val" : "the length of the circumference of your waist"
        }, {
          "pred" : "http://purl.obolibrary.org/obo/IAO_0000602",
          "val" : "(forall (x) (if (exists (t) (and (existsAt x t) (Quality x))) (forall (t_1) (if (existsAt x t_1) (Quality x))))) // axiom label in BFO2 CLIF: [105-001] "
        }, {
          "pred" : "http://purl.obolibrary.org/obo/IAO_0000112",
          "val" : "the mass of this piece of gold."
        }, {
          "pred" : "http://purl.obolibrary.org/obo/IAO_0000112",
          "val" : "the ambient temperature of this portion of air"
        } ]
      },
      "type" : "CLASS",
      "lbl" : "quality"
    }, {
      "id" : "http://purl.obolibrary.org/obo/BFO_0000015",
      "meta" : {
        "definition" : {
          "val" : "p is a process = Def. p is an occurrent that has temporal proper parts and for some time t, p s-depends_on some material entity at t. (axiom label in BFO2 Reference: [083-003])",
          "xrefs" : [ ]
        },
        "basicPropertyValues" : [ {
          "pred" : "http://purl.obolibrary.org/obo/BFO_0000180",
          "val" : "Process"
        }, {
          "pred" : "http://purl.obolibrary.org/obo/BFO_0000179",
          "val" : "process"
        }, {
          "pred" : "http://purl.obolibrary.org/obo/IAO_0000112",
          "val" : "a process of sleeping"
        }, {
          "pred" : "http://purl.obolibrary.org/obo/IAO_0000112",
          "val" : "your process of aging."
        }, {
          "pred" : "http://www.w3.org/2000/01/rdf-schema#isDefinedBy",
          "val" : "http://purl.obolibrary.org/obo/bfo.owl"
        }, {
          "pred" : "http://purl.obolibrary.org/obo/IAO_0000602",
          "val" : "(iff (Process a) (and (Occurrent a) (exists (b) (properTemporalPartOf b a)) (exists (c t) (and (MaterialEntity c) (specificallyDependsOnAt a c t))))) // axiom label in BFO2 CLIF: [083-003] "
        }, {
          "pred" : "http://purl.obolibrary.org/obo/IAO_0000112",
          "val" : "a process of cell-division, \\ a beating of the heart"
        }, {
          "pred" : "http://purl.obolibrary.org/obo/IAO_0000112",
          "val" : "the life of an organism"
        }, {
          "pred" : "http://purl.obolibrary.org/obo/IAO_0000112",
          "val" : "the flight of a bird"
        }, {
          "pred" : "http://purl.obolibrary.org/obo/IAO_0000112",
          "val" : "the course of a disease"
        }, {
          "pred" : "http://purl.obolibrary.org/obo/IAO_0000116",
          "val" : "BFO 2 Reference: The realm of occurrents is less pervasively marked by the presence of natural units than is the case in the realm of independent continuants. Thus there is here no counterpart of ‘object’. In BFO 1.0 ‘process’ served as such a counterpart. In BFO 2.0 ‘process’ is, rather, the occurrent counterpart of ‘material entity’. Those natural – as contrasted with engineered, which here means: deliberately executed – units which do exist in the realm of occurrents are typically either parasitic on the existence of natural units on the continuant side, or they are fiat in nature. Thus we can count lives; we can count football games; we can count chemical reactions performed in experiments or in chemical manufacturing. We cannot count the processes taking place, for instance, in an episode of insect mating behavior.Even where natural units are identifiable, for example cycles in a cyclical process such as the beating of a heart or an organism’s sleep/wake cycle, the processes in question form a sequence with no discontinuities (temporal gaps) of the sort that we find for instance where billiard balls or zebrafish or planets are separated by clear spatial gaps. Lives of organisms are process units, but they too unfold in a continuous series from other, prior processes such as fertilization, and they unfold in turn in continuous series of post-life processes such as post-mortem decay. Clear examples of boundaries of processes are almost always of the fiat sort (midnight, a time of death as declared in an operating theater or on a death certificate, the initiation of a state of war)"
        }, {
          "pred" : "http://purl.obolibrary.org/obo/IAO_0000112",
          "val" : "a process of meiosis"
        } ]
      },
      "type" : "CLASS",
      "lbl" : "process"
    }, {
      "id" : "http://purl.obolibrary.org/obo/BFO_0000016",
      "meta" : {
        "basicPropertyValues" : [ {
          "pred" : "http://purl.obolibrary.org/obo/IAO_0000600",
          "val" : "b is a disposition means: b is a realizable entity & b’s bearer is some material entity & b is such that if it ceases to exist, then its bearer is physically changed, & b’s realization occurs when and because this bearer is in some special physical circumstances, & this realization occurs in virtue of the bearer’s physical make-up. (axiom label in BFO2 Reference: [062-002])"
        }, {
          "pred" : "http://purl.obolibrary.org/obo/BFO_0000179",
          "val" : "disposition"
        }, {
          "pred" : "http://purl.obolibrary.org/obo/IAO_0000112",
          "val" : "certain people have a predisposition to colon cancer"
        }, {
          "pred" : "http://purl.obolibrary.org/obo/IAO_0000112",
          "val" : "children are innately disposed to categorize objects in certain ways."
        }, {
          "pred" : "http://www.w3.org/2000/01/rdf-schema#isDefinedBy",
          "val" : "http://purl.obolibrary.org/obo/bfo.owl"
        }, {
          "pred" : "http://purl.obolibrary.org/obo/IAO_0000601",
          "val" : "If b is a realizable entity then for all t at which b exists, b s-depends_on some material entity at t. (axiom label in BFO2 Reference: [063-002])"
        }, {
          "pred" : "http://purl.obolibrary.org/obo/IAO_0000112",
          "val" : "an atom of element X has the disposition to decay to an atom of element Y"
        }, {
          "pred" : "http://purl.obolibrary.org/obo/IAO_0000116",
          "val" : "BFO 2 Reference: Dispositions exist along a strength continuum. Weaker forms of disposition are realized in only a fraction of triggering cases. These forms occur in a significant number of cases of a similar type."
        }, {
          "pred" : "http://purl.obolibrary.org/obo/IAO_0000112",
          "val" : "the cell wall is disposed to filter chemicals in endocytosis and exocytosis"
        }, {
          "pred" : "http://purl.obolibrary.org/obo/IAO_0000602",
          "val" : "(forall (x) (if (Disposition x) (and (RealizableEntity x) (exists (y) (and (MaterialEntity y) (bearerOfAt x y t)))))) // axiom label in BFO2 CLIF: [062-002] "
        }, {
          "pred" : "http://purl.obolibrary.org/obo/BFO_0000180",
          "val" : "Disposition"
        }, {
          "pred" : "http://purl.obolibrary.org/obo/IAO_0000602",
          "val" : "(forall (x t) (if (and (RealizableEntity x) (existsAt x t)) (exists (y) (and (MaterialEntity y) (specificallyDepends x y t))))) // axiom label in BFO2 CLIF: [063-002] "
        } ]
      },
      "type" : "CLASS",
      "lbl" : "disposition"
    }, {
      "id" : "http://purl.obolibrary.org/obo/BFO_0000017",
      "meta" : {
        "basicPropertyValues" : [ {
          "pred" : "http://purl.obolibrary.org/obo/BFO_0000179",
          "val" : "realizable"
        }, {
          "pred" : "http://purl.obolibrary.org/obo/IAO_0000600",
          "val" : "To say that b is a realizable entity is to say that b is a specifically dependent continuant that inheres in some independent continuant which is not a spatial region and is of a type instances of which are realized in processes of a correlated type. (axiom label in BFO2 Reference: [058-002])"
        }, {
          "pred" : "http://purl.obolibrary.org/obo/IAO_0000601",
          "val" : "All realizable dependent continuants have independent continuants that are not spatial regions as their bearers. (axiom label in BFO2 Reference: [060-002])"
        }, {
          "pred" : "http://purl.obolibrary.org/obo/BFO_0000180",
          "val" : "RealizableEntity"
        }, {
          "pred" : "http://purl.obolibrary.org/obo/IAO_0000112",
          "val" : "the role of being a doctor"
        }, {
          "pred" : "http://purl.obolibrary.org/obo/IAO_0000602",
          "val" : "(forall (x) (if (RealizableEntity x) (and (SpecificallyDependentContinuant x) (exists (y) (and (IndependentContinuant y) (not (SpatialRegion y)) (inheresIn x y)))))) // axiom label in BFO2 CLIF: [058-002] "
        }, {
          "pred" : "http://purl.obolibrary.org/obo/IAO_0000112",
          "val" : "the disposition of your blood to coagulate"
        }, {
          "pred" : "http://purl.obolibrary.org/obo/IAO_0000112",
          "val" : "the function of your reproductive organs"
        }, {
          "pred" : "http://purl.obolibrary.org/obo/IAO_0000602",
          "val" : "(forall (x t) (if (RealizableEntity x) (exists (y) (and (IndependentContinuant y) (not (SpatialRegion y)) (bearerOfAt y x t))))) // axiom label in BFO2 CLIF: [060-002] "
        }, {
          "pred" : "http://purl.obolibrary.org/obo/IAO_0000112",
          "val" : "the disposition of this piece of metal to conduct electricity."
        }, {
          "pred" : "http://purl.obolibrary.org/obo/IAO_0000112",
          "val" : "the role of this boundary to delineate where Utah and Colorado meet"
        }, {
          "pred" : "http://www.w3.org/2000/01/rdf-schema#isDefinedBy",
          "val" : "http://purl.obolibrary.org/obo/bfo.owl"
        } ]
      },
      "type" : "CLASS",
      "lbl" : "realizable entity"
    }, {
      "id" : "http://purl.obolibrary.org/obo/IAO_0000116",
      "meta" : {
        "basicPropertyValues" : [ {
          "pred" : "http://www.w3.org/2000/01/rdf-schema#isDefinedBy",
          "val" : "http://purl.obolibrary.org/obo/iao.owl"
        } ]
      },
      "type" : "PROPERTY",
      "lbl" : "editor note"
    }, {
      "id" : "http://purl.obolibrary.org/obo/BFO_0000034",
      "meta" : {
        "basicPropertyValues" : [ {
          "pred" : "http://purl.obolibrary.org/obo/IAO_0000112",
          "val" : "the function of a hammer to drive in nails"
        }, {
          "pred" : "http://purl.obolibrary.org/obo/BFO_0000179",
          "val" : "function"
        }, {
          "pred" : "http://purl.obolibrary.org/obo/IAO_0000112",
          "val" : "the function of a heart pacemaker to regulate the beating of a heart through electricity"
        }, {
          "pred" : "http://purl.obolibrary.org/obo/IAO_0000112",
          "val" : "the function of amylase in saliva to break down starch into sugar"
        }, {
          "pred" : "http://purl.obolibrary.org/obo/IAO_0000602",
          "val" : "(forall (x) (if (Function x) (Disposition x))) // axiom label in BFO2 CLIF: [064-001] "
        }, {
          "pred" : "http://purl.obolibrary.org/obo/IAO_0000116",
          "val" : "BFO 2 Reference: In the past, we have distinguished two varieties of function, artifactual function and biological function. These are not asserted subtypes of BFO:function however, since the same function – for example: to pump, to transport – can exist both in artifacts and in biological entities. The asserted subtypes of function that would be needed in order to yield a separate monoheirarchy are not artifactual function, biological function, etc., but rather transporting function, pumping function, etc."
        }, {
          "pred" : "http://purl.obolibrary.org/obo/BFO_0000180",
          "val" : "Function"
        }, {
          "pred" : "http://purl.obolibrary.org/obo/IAO_0000600",
          "val" : "A function is a disposition that exists in virtue of the bearer’s physical make-up and this physical make-up is something the bearer possesses because it came into being, either through evolution (in the case of natural biological entities) or through intentional design (in the case of artifacts), in order to realize processes of a certain sort. (axiom label in BFO2 Reference: [064-001])"
        }, {
          "pred" : "http://www.w3.org/2000/01/rdf-schema#isDefinedBy",
          "val" : "http://purl.obolibrary.org/obo/bfo.owl"
        } ]
      },
      "type" : "CLASS",
      "lbl" : "function"
    }, {
      "id" : "http://purl.obolibrary.org/obo/IAO_0000117",
      "meta" : {
        "basicPropertyValues" : [ {
          "pred" : "http://www.w3.org/2000/01/rdf-schema#isDefinedBy",
          "val" : "http://purl.obolibrary.org/obo/iao.owl"
        } ]
      },
      "type" : "PROPERTY",
      "lbl" : "term editor"
    }, {
      "id" : "http://purl.obolibrary.org/obo/IAO_0000115",
      "meta" : {
        "basicPropertyValues" : [ {
          "pred" : "http://www.w3.org/2000/01/rdf-schema#isDefinedBy",
          "val" : "http://purl.obolibrary.org/obo/iao.owl"
        } ]
      },
      "type" : "PROPERTY",
      "lbl" : "definition"
    }, {
      "id" : "http://purl.obolibrary.org/obo/IAO_0000412",
      "meta" : {
        "basicPropertyValues" : [ {
          "pred" : "http://www.w3.org/2000/01/rdf-schema#isDefinedBy",
          "val" : "http://purl.obolibrary.org/obo/iao.owl"
        } ]
      },
      "type" : "PROPERTY",
      "lbl" : "imported from"
    }, {
      "id" : "http://purl.obolibrary.org/obo/IAO_0000112",
      "meta" : {
        "basicPropertyValues" : [ {
          "pred" : "http://www.w3.org/2000/01/rdf-schema#isDefinedBy",
          "val" : "http://purl.obolibrary.org/obo/iao.owl"
        } ]
      },
      "type" : "PROPERTY",
      "lbl" : "example of usage"
    }, {
      "id" : "http://purl.obolibrary.org/obo/BFO_0000030",
      "meta" : {
        "basicPropertyValues" : [ {
          "pred" : "http://purl.obolibrary.org/obo/IAO_0000112",
          "val" : "cell"
        }, {
          "pred" : "http://purl.obolibrary.org/obo/IAO_0000112",
          "val" : "planet"
        }, {
          "pred" : "http://purl.obolibrary.org/obo/BFO_0000180",
          "val" : "Object"
        }, {
          "pred" : "http://purl.obolibrary.org/obo/IAO_0000112",
          "val" : "atom"
        }, {
          "pred" : "http://purl.obolibrary.org/obo/IAO_0000116",
          "val" : "BFO 2 Reference: ‘objects’ are sometimes referred to as ‘grains’ [74"
        }, {
          "pred" : "http://purl.obolibrary.org/obo/IAO_0000600",
          "val" : "b is an object means: b is a material entity which manifests causal unity of one or other of the types CUn listed above & is of a type (a material universal) instances of which are maximal relative to this criterion of causal unity. (axiom label in BFO2 Reference: [024-001])"
        }, {
          "pred" : "http://purl.obolibrary.org/obo/BFO_0000179",
          "val" : "object"
        }, {
          "pred" : "http://purl.obolibrary.org/obo/IAO_0000112",
          "val" : "molecule"
        }, {
          "pred" : "http://purl.obolibrary.org/obo/IAO_0000116",
          "val" : "BFO 2 Reference: an object is a maximal causally unified material entity"
        }, {
          "pred" : "http://purl.obolibrary.org/obo/IAO_0000116",
          "val" : "BFO 2 Reference: To say that b is causally unified means: b is a material entity which is such that its material parts are tied together in such a way that, in environments typical for entities of the type in question,if c, a continuant part of b that is in the interior of b at t, is larger than a certain threshold size (which will be determined differently from case to case, depending on factors such as porosity of external cover) and is moved in space to be at t at a location on the exterior of the spatial region that had been occupied by b at t, then either b’s other parts will be moved in coordinated fashion or b will be damaged (be affected, for example, by breakage or tearing) in the interval between t and t.causal changes in one part of b can have consequences for other parts of b without the mediation of any entity that lies on the exterior of b. Material entities with no proper material parts would satisfy these conditions trivially. Candidate examples of types of causal unity for material entities of more complex sorts are as follows (this is not intended to be an exhaustive list):CU1: Causal unity via physical coveringHere the parts in the interior of the unified entity are combined together causally through a common membrane or other physical covering\\. The latter points outwards toward and may serve a protective function in relation to what lies on the exterior of the entity [13, 47"
        }, {
          "pred" : "http://purl.obolibrary.org/obo/IAO_0000116",
          "val" : "BFO 2 Reference: Each object is such that there are entities of which we can assert unproblematically that they lie in its interior, and other entities of which we can assert unproblematically that they lie in its exterior. This may not be so for entities lying at or near the boundary between the interior and exterior. This means that two objects – for example the two cells depicted in Figure 3 – may be such that there are material entities crossing their boundaries which belong determinately to neither cell. Something similar obtains in certain cases of conjoined twins (see below)."
        }, {
          "pred" : "http://purl.obolibrary.org/obo/IAO_0000112",
          "val" : "solid portions of matter"
        }, {
          "pred" : "http://purl.obolibrary.org/obo/IAO_0000116",
          "val" : "BFO 2 Reference: BFO rests on the presupposition that at multiple micro-, meso- and macroscopic scales reality exhibits certain stable, spatially separated or separable material units, combined or combinable into aggregates of various sorts (for example organisms into what are called ‘populations’). Such units play a central role in almost all domains of natural science from particle physics to cosmology. Many scientific laws govern the units in question, employing general terms (such as ‘molecule’ or ‘planet’) referring to the types and subtypes of units, and also to the types and subtypes of the processes through which such units develop and interact. The division of reality into such natural units is at the heart of biological science, as also is the fact that these units may form higher-level units (as cells form multicellular organisms) and that they may also form aggregates of units, for example as cells form portions of tissue and organs form families, herds, breeds, species, and so on. At the same time, the division of certain portions of reality into engineered units (manufactured artifacts) is the basis of modern industrial technology, which rests on the distributed mass production of engineered parts through division of labor and on their assembly into larger, compound units such as cars and laptops. The division of portions of reality into units is one starting point for the phenomenon of counting."
        }, {
          "pred" : "http://purl.obolibrary.org/obo/IAO_0000112",
          "val" : "cells and organisms"
        }, {
          "pred" : "http://purl.obolibrary.org/obo/IAO_0000112",
          "val" : "organism"
        }, {
          "pred" : "http://www.w3.org/2000/01/rdf-schema#isDefinedBy",
          "val" : "http://purl.obolibrary.org/obo/bfo.owl"
        }, {
          "pred" : "http://purl.obolibrary.org/obo/IAO_0000112",
          "val" : "engineered artifacts"
        }, {
          "pred" : "http://purl.obolibrary.org/obo/IAO_0000112",
          "val" : "organelle"
        }, {
          "pred" : "http://purl.obolibrary.org/obo/IAO_0000112",
          "val" : "grain of sand"
        }, {
          "pred" : "http://purl.obolibrary.org/obo/IAO_0000112",
          "val" : "star"
        } ]
      },
      "type" : "CLASS",
      "lbl" : "object"
    }, {
      "id" : "http://purl.obolibrary.org/obo/BFO_0000031",
      "meta" : {
        "definition" : {
          "val" : "b is a generically dependent continuant = Def. b is a continuant that g-depends_on one or more other entities. (axiom label in BFO2 Reference: [074-001])",
          "xrefs" : [ ]
        },
        "basicPropertyValues" : [ {
          "pred" : "http://purl.obolibrary.org/obo/IAO_0000112",
          "val" : "The entries in your database are patterns instantiated as quality instances in your hard drive. The database itself is an aggregate of such patterns. When you create the database you create a particular instance of the generically dependent continuant type database. Each entry in the database is an instance of the generically dependent continuant type IAO: information content entity."
        }, {
          "pred" : "http://purl.obolibrary.org/obo/IAO_0000112",
          "val" : "the sequence of this protein molecule; the sequence that is a copy thereof in that protein molecule."
        }, {
          "pred" : "http://www.w3.org/2000/01/rdf-schema#isDefinedBy",
          "val" : "http://purl.obolibrary.org/obo/bfo.owl"
        }, {
          "pred" : "http://purl.obolibrary.org/obo/BFO_0000179",
          "val" : "gdc"
        }, {
          "pred" : "http://purl.obolibrary.org/obo/IAO_0000602",
          "val" : "(iff (GenericallyDependentContinuant a) (and (Continuant a) (exists (b t) (genericallyDependsOnAt a b t)))) // axiom label in BFO2 CLIF: [074-001] "
        }, {
          "pred" : "http://purl.obolibrary.org/obo/IAO_0000112",
          "val" : "the pdf file on your laptop, the pdf file that is a copy thereof on my laptop"
        }, {
          "pred" : "http://purl.obolibrary.org/obo/BFO_0000180",
          "val" : "GenericallyDependentContinuant"
        } ]
      },
      "type" : "CLASS",
      "lbl" : "generically dependent continuant"
    }, {
      "id" : "http://purl.obolibrary.org/obo/IAO_0000111",
      "meta" : {
        "basicPropertyValues" : [ {
          "pred" : "http://www.w3.org/2000/01/rdf-schema#isDefinedBy",
          "val" : "http://purl.obolibrary.org/obo/iao.owl"
        } ]
      },
      "type" : "PROPERTY",
      "lbl" : "editor preferred term"
    }, {
      "id" : "http://purl.obolibrary.org/obo/IAO_0000232",
      "meta" : {
        "basicPropertyValues" : [ {
          "pred" : "http://www.w3.org/2000/01/rdf-schema#isDefinedBy",
          "val" : "http://purl.obolibrary.org/obo/iao.owl"
        } ]
      },
      "type" : "PROPERTY",
      "lbl" : "curator note"
    }, {
      "id" : "http://purl.obolibrary.org/obo/BFO_0000004",
      "meta" : {
        "definition" : {
          "val" : "b is an independent continuant = Def. b is a continuant which is such that there is no c and no t such that b s-depends_on c at t. (axiom label in BFO2 Reference: [017-002])",
          "xrefs" : [ ]
        },
        "basicPropertyValues" : [ {
          "pred" : "http://purl.obolibrary.org/obo/IAO_0000601",
          "val" : "For every independent continuant b and time t during the region of time spanned by its life, there are entities which s-depends_on b during t. (axiom label in BFO2 Reference: [018-002])"
        }, {
          "pred" : "http://purl.obolibrary.org/obo/IAO_0000602",
          "val" : "(forall (x t) (if (IndependentContinuant x) (exists (r) (and (SpatialRegion r) (locatedInAt x r t))))) // axiom label in BFO2 CLIF: [134-001] "
        }, {
          "pred" : "http://purl.obolibrary.org/obo/IAO_0000112",
          "val" : "an atom"
        }, {
          "pred" : "http://purl.obolibrary.org/obo/BFO_0000180",
          "val" : "IndependentContinuant"
        }, {
          "pred" : "http://purl.obolibrary.org/obo/IAO_0000112",
          "val" : "the interior of your mouth"
        }, {
          "pred" : "http://purl.obolibrary.org/obo/IAO_0000112",
          "val" : "a chair"
        }, {
          "pred" : "http://www.w3.org/2000/01/rdf-schema#isDefinedBy",
          "val" : "http://purl.obolibrary.org/obo/bfo.owl"
        }, {
          "pred" : "http://purl.obolibrary.org/obo/IAO_0000112",
          "val" : "an organism"
        }, {
          "pred" : "http://purl.obolibrary.org/obo/IAO_0000112",
          "val" : "a molecule"
        }, {
          "pred" : "http://purl.obolibrary.org/obo/IAO_0000112",
          "val" : "a spatial region"
        }, {
          "pred" : "http://purl.obolibrary.org/obo/IAO_0000112",
          "val" : "the bottom right portion of a human torso"
        }, {
          "pred" : "http://purl.obolibrary.org/obo/BFO_0000179",
          "val" : "ic"
        }, {
          "pred" : "http://purl.obolibrary.org/obo/IAO_0000112",
          "val" : "an orchestra."
        }, {
          "pred" : "http://purl.obolibrary.org/obo/IAO_0000602",
          "val" : "(forall (x t) (if (and (IndependentContinuant x) (existsAt x t)) (exists (y) (and (Entity y) (specificallyDependsOnAt y x t))))) // axiom label in BFO2 CLIF: [018-002] "
        }, {
          "pred" : "http://purl.obolibrary.org/obo/IAO_0000601",
          "val" : "For any independent continuant b and any time t there is some spatial region r such that b is located_in r at t. (axiom label in BFO2 Reference: [134-001])"
        }, {
          "pred" : "http://purl.obolibrary.org/obo/IAO_0000602",
          "val" : "(iff (IndependentContinuant a) (and (Continuant a) (not (exists (b t) (specificallyDependsOnAt a b t))))) // axiom label in BFO2 CLIF: [017-002] "
        }, {
          "pred" : "http://purl.obolibrary.org/obo/IAO_0000112",
          "val" : "a heart"
        }, {
          "pred" : "http://purl.obolibrary.org/obo/IAO_0000112",
          "val" : "a leg"
        } ]
      },
      "type" : "CLASS",
      "lbl" : "independent continuant"
    }, {
      "id" : "http://purl.obolibrary.org/obo/BFO_0000027",
      "meta" : {
        "basicPropertyValues" : [ {
          "pred" : "http://purl.obolibrary.org/obo/IAO_0000602",
          "val" : "(forall (x) (if (ObjectAggregate x) (and (MaterialEntity x) (forall (t) (if (existsAt x t) (exists (y z) (and (Object y) (Object z) (memberPartOfAt y x t) (memberPartOfAt z x t) (not (= y z)))))) (not (exists (w t_1) (and (memberPartOfAt w x t_1) (not (Object w)))))))) // axiom label in BFO2 CLIF: [025-004] "
        }, {
          "pred" : "http://purl.obolibrary.org/obo/BFO_0000179",
          "val" : "object-aggregate"
        }, {
          "pred" : "http://www.w3.org/2000/01/rdf-schema#isDefinedBy",
          "val" : "http://purl.obolibrary.org/obo/bfo.owl"
        }, {
          "pred" : "http://purl.obolibrary.org/obo/IAO_0000116",
          "val" : "An entity a is an object aggregate if and only if there is a mutually exhaustive and pairwise disjoint partition of a into objects "
        }, {
          "pred" : "http://purl.obolibrary.org/obo/IAO_0000119",
          "val" : "ISBN:978-3-938793-98-5pp124-158#Thomas Bittner and Barry Smith, 'A Theory of Granular Partitions', in K. Munn and B. Smith (eds.), Applied Ontology: An Introduction, Frankfurt/Lancaster: ontos, 2008, 125-158."
        }, {
          "pred" : "http://purl.obolibrary.org/obo/IAO_0000600",
          "val" : "b is an object aggregate means: b is a material entity consisting exactly of a plurality of objects as member_parts at all times at which b exists. (axiom label in BFO2 Reference: [025-004])"
        }, {
          "pred" : "http://purl.obolibrary.org/obo/IAO_0000112",
          "val" : "a swarm of bees is an aggregate of members who are linked together through natural bonds"
        }, {
          "pred" : "http://purl.obolibrary.org/obo/IAO_0000112",
          "val" : "defined through physical attachment: the aggregate of atoms in a lump of granite"
        }, {
          "pred" : "http://purl.obolibrary.org/obo/BFO_0000180",
          "val" : "ObjectAggregate"
        }, {
          "pred" : "http://purl.obolibrary.org/obo/IAO_0000112",
          "val" : "the restaurants in Palo Alto"
        }, {
          "pred" : "http://purl.obolibrary.org/obo/IAO_0000112",
          "val" : "a symphony orchestra"
        }, {
          "pred" : "http://purl.obolibrary.org/obo/IAO_0000112",
          "val" : "defined by fiat: the aggregate of members of an organization"
        }, {
          "pred" : "http://purl.obolibrary.org/obo/IAO_0000112",
          "val" : "a collection of cells in a blood biobank."
        }, {
          "pred" : "http://purl.obolibrary.org/obo/IAO_0000116",
          "val" : "An entity a is an object aggregate if and only if there is a mutually exhaustive and pairwise disjoint partition of a into objects "
        }, {
          "pred" : "http://purl.obolibrary.org/obo/IAO_0000112",
          "val" : "defined via attributive delimitations such as: the patients in this hospital"
        }, {
          "pred" : "http://purl.obolibrary.org/obo/IAO_0000112",
          "val" : "an organization is an aggregate whose member parts have roles of specific types (for example in a jazz band, a chess club, a football team)"
        }, {
          "pred" : "http://purl.obolibrary.org/obo/IAO_0000112",
          "val" : "defined through physical containment: the aggregate of molecules of carbon dioxide in a sealed container"
        }, {
          "pred" : "http://purl.obolibrary.org/obo/IAO_0000112",
          "val" : "your collection of Meissen ceramic plates."
        }, {
          "pred" : "http://purl.obolibrary.org/obo/IAO_0000112",
          "val" : "the nitrogen atoms in the atmosphere"
        }, {
          "pred" : "http://purl.obolibrary.org/obo/IAO_0000112",
          "val" : "the aggregate of blood cells in your body"
        }, {
          "pred" : "http://purl.obolibrary.org/obo/IAO_0000116",
          "val" : "BFO 2 Reference: object aggregates may gain and lose parts while remaining numerically identical (one and the same individual) over time. This holds both for aggregates whose membership is determined naturally (the aggregate of cells in your body) and aggregates determined by fiat (a baseball team, a congressional committee)."
        }, {
          "pred" : "http://purl.obolibrary.org/obo/IAO_0000112",
          "val" : "the aggregate of bearings in a constant velocity axle joint"
        } ]
      },
      "type" : "CLASS",
      "lbl" : "object aggregate"
    }, {
      "id" : "http://purl.obolibrary.org/obo/IAO_0000118",
      "meta" : {
        "basicPropertyValues" : [ {
          "pred" : "http://www.w3.org/2000/01/rdf-schema#isDefinedBy",
          "val" : "http://purl.obolibrary.org/obo/iao.owl"
        } ]
      },
      "type" : "PROPERTY",
      "lbl" : "alternative term"
    }, {
      "id" : "http://purl.obolibrary.org/obo/BFO_0000029",
      "meta" : {
        "basicPropertyValues" : [ {
          "pred" : "http://purl.obolibrary.org/obo/IAO_0000112",
          "val" : "an air traffic control region defined in the airspace above an airport"
        }, {
          "pred" : "http://purl.obolibrary.org/obo/IAO_0000112",
          "val" : "the interior of a kangaroo pouch"
        }, {
          "pred" : "http://purl.obolibrary.org/obo/IAO_0000112",
          "val" : "the Grand Canyon"
        }, {
          "pred" : "http://purl.obolibrary.org/obo/IAO_0000112",
          "val" : "the Piazza San Marco"
        }, {
          "pred" : "http://purl.obolibrary.org/obo/IAO_0000112",
          "val" : "the interior of the trunk of your car"
        }, {
          "pred" : "http://purl.obolibrary.org/obo/IAO_0000112",
          "val" : "a rabbit hole"
        }, {
          "pred" : "http://purl.obolibrary.org/obo/IAO_0000112",
          "val" : "your left nostril (a fiat part – the opening – of your left nasal cavity)"
        }, {
          "pred" : "http://purl.obolibrary.org/obo/IAO_0000112",
          "val" : "Manhattan Canyon)"
        }, {
          "pred" : "http://purl.obolibrary.org/obo/IAO_0000112",
          "val" : "the cockpit of an aircraft"
        }, {
          "pred" : "http://purl.obolibrary.org/obo/BFO_0000180",
          "val" : "Site"
        }, {
          "pred" : "http://purl.obolibrary.org/obo/IAO_0000600",
          "val" : "b is a site means: b is a three-dimensional immaterial entity that is (partially or wholly) bounded by a material entity or it is a three-dimensional immaterial part thereof. (axiom label in BFO2 Reference: [034-002])"
        }, {
          "pred" : "http://purl.obolibrary.org/obo/IAO_0000112",
          "val" : "the interior of your refrigerator"
        }, {
          "pred" : "http://purl.obolibrary.org/obo/IAO_0000112",
          "val" : "the hold of a ship"
        }, {
          "pred" : "http://purl.obolibrary.org/obo/IAO_0000112",
          "val" : "the interior of your office"
        }, {
          "pred" : "http://purl.obolibrary.org/obo/IAO_0000602",
          "val" : "(forall (x) (if (Site x) (ImmaterialEntity x))) // axiom label in BFO2 CLIF: [034-002] "
        }, {
          "pred" : "http://www.w3.org/2000/01/rdf-schema#isDefinedBy",
          "val" : "http://purl.obolibrary.org/obo/bfo.owl"
        }, {
          "pred" : "http://purl.obolibrary.org/obo/IAO_0000112",
          "val" : "the lumen of your gut"
        }, {
          "pred" : "http://purl.obolibrary.org/obo/BFO_0000179",
          "val" : "site"
        }, {
          "pred" : "http://purl.obolibrary.org/obo/IAO_0000112",
          "val" : "the interior of your bedroom"
        }, {
          "pred" : "http://purl.obolibrary.org/obo/IAO_0000112",
          "val" : "a hole in the interior of a portion of cheese"
        } ]
      },
      "type" : "CLASS",
      "lbl" : "site"
    }, {
      "id" : "http://purl.obolibrary.org/obo/IAO_0000119",
      "meta" : {
        "basicPropertyValues" : [ {
          "pred" : "http://www.w3.org/2000/01/rdf-schema#isDefinedBy",
          "val" : "http://purl.obolibrary.org/obo/iao.owl"
        } ]
      },
      "type" : "PROPERTY",
      "lbl" : "definition source"
    }, {
      "id" : "http://purl.obolibrary.org/obo/IAO_0010000",
      "meta" : {
        "basicPropertyValues" : [ {
          "pred" : "http://www.w3.org/2000/01/rdf-schema#isDefinedBy",
          "val" : "http://purl.obolibrary.org/obo/iao.owl"
        } ]
      },
      "type" : "PROPERTY",
      "lbl" : "has axiom label"
    }, {
      "id" : "http://purl.obolibrary.org/obo/BFO_0000182",
      "meta" : {
        "basicPropertyValues" : [ {
          "pred" : "http://www.w3.org/2000/01/rdf-schema#isDefinedBy",
          "val" : "http://purl.obolibrary.org/obo/bfo.owl"
        }, {
          "pred" : "http://purl.obolibrary.org/obo/BFO_0000179",
          "val" : "history"
        }, {
          "pred" : "http://purl.obolibrary.org/obo/BFO_0000180",
          "val" : "History"
        }, {
          "pred" : "http://purl.obolibrary.org/obo/IAO_0000600",
          "val" : "A history is a process that is the sum of the totality of processes taking place in the spatiotemporal region occupied by a material entity or site, including processes on the surface of the entity or within the cavities to which it serves as host. (axiom label in BFO2 Reference: [138-001])"
        } ]
      },
      "type" : "CLASS",
      "lbl" : "history"
    }, {
      "id" : "http://purl.obolibrary.org/obo/IAO_0000600",
      "meta" : {
        "basicPropertyValues" : [ {
          "pred" : "http://www.w3.org/2000/01/rdf-schema#isDefinedBy",
          "val" : "http://purl.obolibrary.org/obo/iao.owl"
        } ]
      },
      "type" : "PROPERTY",
      "lbl" : "elucidation"
    }, {
      "id" : "http://purl.obolibrary.org/obo/BFO_0000001",
      "meta" : {
        "basicPropertyValues" : [ {
          "pred" : "http://purl.obolibrary.org/obo/IAO_0000112",
          "val" : "Julius Caesar"
        }, {
          "pred" : "http://purl.obolibrary.org/obo/IAO_0000112",
          "val" : "Verdi’s Requiem"
        }, {
          "pred" : "http://purl.obolibrary.org/obo/BFO_0000179",
          "val" : "entity"
        }, {
          "pred" : "http://purl.obolibrary.org/obo/IAO_0000112",
          "val" : "the Second World War"
        }, {
          "pred" : "http://purl.obolibrary.org/obo/IAO_0000116",
          "val" : "Entity doesn't have a closure axiom because the subclasses don't necessarily exhaust all possibilites. For example Werner Ceusters 'portions of reality' include 4 sorts, entities (as BFO construes them), universals, configurations, and relations. It is an open question as to whether entities as construed in BFO will at some point also include these other portions of reality. See, for example, 'How to track absolutely everything' at http://www.referent-tracking.com/_RTU/papers/CeustersICbookRevised.pdf"
        }, {
          "pred" : "http://purl.obolibrary.org/obo/BFO_0000180",
          "val" : "Entity"
        }, {
          "pred" : "http://purl.obolibrary.org/obo/IAO_0000116",
          "val" : "BFO 2 Reference: In all areas of empirical inquiry we encounter general terms of two sorts. First are general terms which refer to universals or types:animaltuberculosissurgical procedurediseaseSecond, are general terms used to refer to groups of entities which instantiate a given universal but do not correspond to the extension of any subuniversal of that universal because there is nothing intrinsic to the entities in question by virtue of which they – and only they – are counted as belonging to the given group. Examples are: animal purchased by the Emperortuberculosis diagnosed on a Wednesdaysurgical procedure performed on a patient from Stockholmperson identified as candidate for clinical trial #2056-555person who is signatory of Form 656-PPVpainting by Leonardo da VinciSuch terms, which represent what are called ‘specializations’ in [81"
        }, {
          "pred" : "http://purl.obolibrary.org/obo/IAO_0000112",
          "val" : "your body mass index"
        }, {
          "pred" : "http://purl.obolibrary.org/obo/IAO_0000600",
          "val" : "An entity is anything that exists or has existed or will exist. (axiom label in BFO2 Reference: [001-001])"
        }, {
          "pred" : "http://www.w3.org/2000/01/rdf-schema#isDefinedBy",
          "val" : "http://purl.obolibrary.org/obo/bfo.owl"
        } ]
      },
      "type" : "CLASS",
      "lbl" : "entity"
    }, {
      "id" : "http://purl.obolibrary.org/obo/BFO_0000023",
      "meta" : {
        "basicPropertyValues" : [ {
          "pred" : "http://purl.obolibrary.org/obo/IAO_0000112",
          "val" : "the role of a stone in marking a property boundary"
        }, {
          "pred" : "http://purl.obolibrary.org/obo/BFO_0000180",
          "val" : "Role"
        }, {
          "pred" : "http://purl.obolibrary.org/obo/IAO_0000600",
          "val" : "b is a role means: b is a realizable entity & b exists because there is some single bearer that is in some special physical, social, or institutional set of circumstances in which this bearer does not have to be& b is not such that, if it ceases to exist, then the physical make-up of the bearer is thereby changed. (axiom label in BFO2 Reference: [061-001])"
        }, {
          "pred" : "http://purl.obolibrary.org/obo/IAO_0000116",
          "val" : "BFO 2 Reference: One major family of examples of non-rigid universals involves roles, and ontologies developed for corresponding administrative purposes may consist entirely of representatives of entities of this sort. Thus ‘professor’, defined as follows,b instance_of professor at t =Def. there is some c, c instance_of professor role & c inheres_in b at t.denotes a non-rigid universal and so also do ‘nurse’, ‘student’, ‘colonel’, ‘taxpayer’, and so forth. (These terms are all, in the jargon of philosophy, phase sortals.) By using role terms in definitions, we can create a BFO conformant treatment of such entities drawing on the fact that, while an instance of professor may be simultaneously an instance of trade union member, no instance of the type professor role is also (at any time) an instance of the type trade union member role (any more than any instance of the type color is at any time an instance of the type length).If an ontology of employment positions should be defined in terms of roles following the above pattern, this enables the ontology to do justice to the fact that individuals instantiate the corresponding universals –  professor, sergeant, nurse – only during certain phases in their lives."
        }, {
          "pred" : "http://purl.obolibrary.org/obo/IAO_0000112",
          "val" : "the student role"
        }, {
          "pred" : "http://purl.obolibrary.org/obo/IAO_0000112",
          "val" : "John’s role of husband to Mary is dependent on Mary’s role of wife to John, and both are dependent on the object aggregate comprising John and Mary as member parts joined together through the relational quality of being married."
        }, {
          "pred" : "http://purl.obolibrary.org/obo/IAO_0000112",
          "val" : "the role of subject in a clinical trial"
        }, {
          "pred" : "http://purl.obolibrary.org/obo/IAO_0000112",
          "val" : "the role of a building in serving as a military target"
        }, {
          "pred" : "http://purl.obolibrary.org/obo/IAO_0000602",
          "val" : "(forall (x) (if (Role x) (RealizableEntity x))) // axiom label in BFO2 CLIF: [061-001] "
        }, {
          "pred" : "http://purl.obolibrary.org/obo/BFO_0000179",
          "val" : "role"
        }, {
          "pred" : "http://purl.obolibrary.org/obo/IAO_0000112",
          "val" : "the priest role"
        }, {
          "pred" : "http://www.w3.org/2000/01/rdf-schema#isDefinedBy",
          "val" : "http://purl.obolibrary.org/obo/bfo.owl"
        }, {
          "pred" : "http://purl.obolibrary.org/obo/IAO_0000112",
          "val" : "the role of a boundary to demarcate two neighboring administrative territories"
        } ]
      },
      "type" : "CLASS",
      "lbl" : "role"
    }, {
      "id" : "http://purl.obolibrary.org/obo/BFO_0000002",
      "meta" : {
        "basicPropertyValues" : [ {
          "pred" : "http://purl.obolibrary.org/obo/IAO_0000602",
          "val" : "(forall (x) (if (Continuant x) (Entity x))) // axiom label in BFO2 CLIF: [008-002] "
        }, {
          "pred" : "http://purl.obolibrary.org/obo/IAO_0000602",
          "val" : "(forall (x) (if (Material Entity x) (exists (t) (and (TemporalRegion t) (existsAt x t))))) // axiom label in BFO2 CLIF: [011-002] "
        }, {
          "pred" : "http://purl.obolibrary.org/obo/BFO_0000180",
          "val" : "Continuant"
        }, {
          "pred" : "http://purl.obolibrary.org/obo/IAO_0000601",
          "val" : "if b is a continuant and if, for some t, cis continuant_part of b at t, then c is a continuant. (axiom label in BFO2 Reference: [009-002])"
        }, {
          "pred" : "http://www.w3.org/2000/01/rdf-schema#isDefinedBy",
          "val" : "http://purl.obolibrary.org/obo/bfo.owl"
        }, {
          "pred" : "http://purl.obolibrary.org/obo/BFO_0000179",
          "val" : "continuant"
        }, {
          "pred" : "http://purl.obolibrary.org/obo/IAO_0000602",
          "val" : "(forall (x y) (if (and (Continuant x) (exists (t) (continuantPartOfAt y x t))) (Continuant y))) // axiom label in BFO2 CLIF: [009-002] "
        }, {
          "pred" : "http://purl.obolibrary.org/obo/IAO_0000601",
          "val" : "if b is a continuant and if, for some t, c has_continuant_part b at t, then c is a continuant. (axiom label in BFO2 Reference: [126-001])"
        }, {
          "pred" : "http://purl.obolibrary.org/obo/IAO_0000600",
          "val" : "A continuant is an entity that persists, endures, or continues to exist through time while maintaining its identity. (axiom label in BFO2 Reference: [008-002])"
        }, {
          "pred" : "http://purl.obolibrary.org/obo/IAO_0000116",
          "val" : "BFO 2 Reference: Continuant entities are entities which can be sliced to yield parts only along the spatial dimension, yielding for example the parts of your table which we call its legs, its top, its nails. ‘My desk stretches from the window to the door. It has spatial parts, and can be sliced (in space) in two. With respect to time, however, a thing is a continuant.’ [60, p. 240"
        }, {
          "pred" : "http://purl.obolibrary.org/obo/IAO_0000602",
          "val" : "(forall (x y) (if (and (Continuant x) (exists (t) (hasContinuantPartOfAt y x t))) (Continuant y))) // axiom label in BFO2 CLIF: [126-001] "
        }, {
          "pred" : "http://purl.obolibrary.org/obo/IAO_0000601",
          "val" : "if b is a material entity, then there is some temporal interval (referred to below as a one-dimensional temporal region) during which b exists. (axiom label in BFO2 Reference: [011-002])"
        }, {
          "pred" : "http://purl.obolibrary.org/obo/IAO_0000116",
          "val" : "Continuant doesn't have a closure axiom because the subclasses don't necessarily exhaust all possibilites. For example, in an expansion involving bringing in some of Ceuster's other portions of reality, questions are raised as to whether universals are continuants"
        } ]
      },
      "type" : "CLASS",
      "lbl" : "continuant"
    }, {
      "id" : "http://purl.obolibrary.org/obo/BFO_0000024",
      "meta" : {
        "basicPropertyValues" : [ {
          "pred" : "http://purl.obolibrary.org/obo/IAO_0000116",
          "val" : "BFO 2 Reference: Most examples of fiat object parts are associated with theoretically drawn divisions"
        }, {
          "pred" : "http://purl.obolibrary.org/obo/IAO_0000602",
          "val" : "(forall (x) (if (FiatObjectPart x) (and (MaterialEntity x) (forall (t) (if (existsAt x t) (exists (y) (and (Object y) (properContinuantPartOfAt x y t)))))))) // axiom label in BFO2 CLIF: [027-004] "
        }, {
          "pred" : "http://purl.obolibrary.org/obo/IAO_0000112",
          "val" : "the upper and lower lobes of the left lung"
        }, {
          "pred" : "http://purl.obolibrary.org/obo/BFO_0000180",
          "val" : "FiatObjectPart"
        }, {
          "pred" : "http://purl.obolibrary.org/obo/BFO_0000179",
          "val" : "fiat-object-part"
        }, {
          "pred" : "http://purl.obolibrary.org/obo/IAO_0000112",
          "val" : "the division of the brain into regions"
        }, {
          "pred" : "http://purl.obolibrary.org/obo/IAO_0000112",
          "val" : "the dorsal and ventral surfaces of the body"
        }, {
          "pred" : "http://purl.obolibrary.org/obo/IAO_0000600",
          "val" : "b is a fiat object part = Def. b is a material entity which is such that for all times t, if b exists at t then there is some object c such that b proper continuant_part of  c at t and c is demarcated from the remainder of c by a two-dimensional continuant fiat boundary. (axiom label in BFO2 Reference: [027-004])"
        }, {
          "pred" : "http://purl.obolibrary.org/obo/IAO_0000112",
          "val" : "the division of the planet into hemispheres"
        }, {
          "pred" : "http://purl.obolibrary.org/obo/IAO_0000112",
          "val" : "the Western hemisphere of the Earth"
        }, {
          "pred" : "http://purl.obolibrary.org/obo/IAO_0000112",
          "val" : "the FMA:regional parts of an intact human body."
        }, {
          "pred" : "http://www.w3.org/2000/01/rdf-schema#isDefinedBy",
          "val" : "http://purl.obolibrary.org/obo/bfo.owl"
        }, {
          "pred" : "http://purl.obolibrary.org/obo/IAO_0000112",
          "val" : "or with divisions drawn by cognitive subjects for practical reasons, such as the division of a cake (before slicing) into (what will become) slices (and thus member parts of an object aggregate). However, this does not mean that fiat object parts are dependent for their existence on divisions or delineations effected by cognitive subjects. If, for example, it is correct to conceive geological layers of the Earth as fiat object parts of the Earth, then even though these layers were first delineated in recent times, still existed long before such delineation and what holds of these layers (for example that the oldest layers are also the lowest layers) did not begin to hold because of our acts of delineation.Treatment of material entity in BFOExamples viewed by some as problematic cases for the trichotomy of fiat object part, object, and object aggregate include: a mussel on (and attached to) a rock, a slime mold, a pizza, a cloud, a galaxy, a railway train with engine and multiple carriages, a clonal stand of quaking aspen, a bacterial community (biofilm), a broken femur. Note that, as Aristotle already clearly recognized, such problematic cases – which lie at or near the penumbra of instances defined by the categories in question – need not invalidate these categories. The existence of grey objects does not prove that there are not objects which are black and objects which are white; the existence of mules does not prove that there are not objects which are donkeys and objects which are horses. It does, however, show that the examples in question need to be addressed carefully in order to show how they can be fitted into the proposed scheme, for example by recognizing additional subdivisions [29"
        } ]
      },
      "type" : "CLASS",
      "lbl" : "fiat object part"
    }, {
      "id" : "http://purl.obolibrary.org/obo/BFO_0000003",
      "meta" : {
        "basicPropertyValues" : [ {
          "pred" : "http://purl.obolibrary.org/obo/IAO_0000602",
          "val" : "(forall (x) (if (Occurrent x) (exists (r) (and (SpatioTemporalRegion r) (occupiesSpatioTemporalRegion x r))))) // axiom label in BFO2 CLIF: [108-001] "
        }, {
          "pred" : "http://purl.obolibrary.org/obo/IAO_0000601",
          "val" : "b is an occurrent entity iff b is an entity that has temporal parts. (axiom label in BFO2 Reference: [079-001])"
        }, {
          "pred" : "http://www.w3.org/2000/01/rdf-schema#isDefinedBy",
          "val" : "http://purl.obolibrary.org/obo/bfo.owl"
        }, {
          "pred" : "http://purl.obolibrary.org/obo/IAO_0000602",
          "val" : "(forall (x) (iff (Occurrent x) (and (Entity x) (exists (y) (temporalPartOf y x))))) // axiom label in BFO2 CLIF: [079-001] "
        }, {
          "pred" : "http://purl.obolibrary.org/obo/IAO_0000600",
          "val" : "An occurrent is an entity that unfolds itself in time or it is the instantaneous boundary of such an entity (for example a beginning or an ending) or it is a temporal or spatiotemporal region which such an entity occupies_temporal_region or occupies_spatiotemporal_region. (axiom label in BFO2 Reference: [077-002])"
        }, {
          "pred" : "http://purl.obolibrary.org/obo/IAO_0000116",
          "val" : "BFO 2 Reference: every occurrent that is not a temporal or spatiotemporal region is s-dependent on some independent continuant that is not a spatial region"
        }, {
          "pred" : "http://purl.obolibrary.org/obo/BFO_0000180",
          "val" : "Occurrent"
        }, {
          "pred" : "http://purl.obolibrary.org/obo/IAO_0000116",
          "val" : "Occurrent doesn't have a closure axiom because the subclasses don't necessarily exhaust all possibilites. An example would be the sum of a process and the process boundary of another process."
        }, {
          "pred" : "http://purl.obolibrary.org/obo/IAO_0000601",
          "val" : "Every occurrent occupies_spatiotemporal_region some spatiotemporal region. (axiom label in BFO2 Reference: [108-001])"
        }, {
          "pred" : "http://purl.obolibrary.org/obo/IAO_0000116",
          "val" : "BFO 2 Reference: s-dependence obtains between every process and its participants in the sense that, as a matter of necessity, this process could not have existed unless these or those participants existed also. A process may have a succession of participants at different phases of its unfolding. Thus there may be different players on the field at different times during the course of a football game; but the process which is the entire game s-depends_on all of these players nonetheless. Some temporal parts of this process will s-depend_on on only some of the players."
        }, {
          "pred" : "http://purl.obolibrary.org/obo/IAO_0000116",
          "val" : "Simons uses different terminology for relations of occurrents to regions: Denote the spatio-temporal location of a given occurrent e by 'spn[e]' and call this region its span. We may say an occurrent is at its span, in any larger region, and covers any smaller region. Now suppose we have fixed a frame of reference so that we can speak not merely of spatio-temporal but also of spatial regions (places) and temporal regions (times). The spread of an occurrent, (relative to a frame of reference) is the space it exactly occupies, and its spell is likewise the time it exactly occupies. We write 'spr[e]' and `spl[e]' respectively for the spread and spell of e, omitting mention of the frame."
        }, {
          "pred" : "http://purl.obolibrary.org/obo/BFO_0000179",
          "val" : "occurrent"
        } ]
      },
      "type" : "CLASS",
      "lbl" : "occurrent"
    }, {
      "id" : "http://purl.obolibrary.org/obo/BFO_0000040",
      "meta" : {
        "basicPropertyValues" : [ {
          "pred" : "http://purl.obolibrary.org/obo/IAO_0000116",
          "val" : "BFO 2 Reference: ‘Matter’ is intended to encompass both mass and energy (we will address the ontological treatment of portions of energy in a later version of BFO). A portion of matter is anything that includes elementary particles among its proper or improper parts: quarks and leptons, including electrons, as the smallest particles thus far discovered; baryons (including protons and neutrons) at a higher level of granularity; atoms and molecules at still higher levels, forming the cells, organs, organisms and other material entities studied by biologists, the portions of rock studied by geologists, the fossils studied by paleontologists, and so on.Material entities are three-dimensional entities (entities extended in three spatial dimensions), as contrasted with the processes in which they participate, which are four-dimensional entities (entities extended also along the dimension of time).According to the FMA, material entities may have immaterial entities as parts – including the entities identified below as sites; for example the interior (or ‘lumen’) of your small intestine is a part of your body. BFO 2.0 embodies a decision to follow the FMA here."
        }, {
          "pred" : "http://purl.obolibrary.org/obo/IAO_0000112",
          "val" : "an aggregate of human beings."
        }, {
          "pred" : "http://purl.obolibrary.org/obo/IAO_0000602",
          "val" : "(forall (x) (if (and (Entity x) (exists (y t) (and (MaterialEntity y) (continuantPartOfAt x y t)))) (MaterialEntity x))) // axiom label in BFO2 CLIF: [021-002] "
        }, {
          "pred" : "http://purl.obolibrary.org/obo/IAO_0000112",
          "val" : "a forest fire"
        }, {
          "pred" : "http://purl.obolibrary.org/obo/IAO_0000112",
          "val" : "a sea wave"
        }, {
          "pred" : "http://purl.obolibrary.org/obo/BFO_0000179",
          "val" : "material"
        }, {
          "pred" : "http://purl.obolibrary.org/obo/IAO_0000112",
          "val" : "a hurricane"
        }, {
          "pred" : "http://purl.obolibrary.org/obo/IAO_0000116",
          "val" : "BFO 2 Reference: Material entities (continuants) can preserve their identity even while gaining and losing material parts. Continuants are contrasted with occurrents, which unfold themselves in successive temporal parts or phases [60"
        }, {
          "pred" : "http://purl.obolibrary.org/obo/IAO_0000602",
          "val" : "(forall (x) (if (MaterialEntity x) (IndependentContinuant x))) // axiom label in BFO2 CLIF: [019-002] "
        }, {
          "pred" : "http://purl.obolibrary.org/obo/IAO_0000116",
          "val" : "BFO 2 Reference: Object, Fiat Object Part and Object Aggregate are not intended to be exhaustive of Material Entity. Users are invited to propose new subcategories of Material Entity."
        }, {
          "pred" : "http://purl.obolibrary.org/obo/BFO_0000180",
          "val" : "MaterialEntity"
        }, {
          "pred" : "http://purl.obolibrary.org/obo/IAO_0000112",
          "val" : "an energy wave"
        }, {
          "pred" : "http://purl.obolibrary.org/obo/IAO_0000112",
          "val" : "a human being"
        }, {
          "pred" : "http://purl.obolibrary.org/obo/IAO_0000112",
          "val" : "a flame"
        }, {
          "pred" : "http://purl.obolibrary.org/obo/IAO_0000601",
          "val" : "Every entity which has a material entity as continuant part is a material entity. (axiom label in BFO2 Reference: [020-002])"
        }, {
          "pred" : "http://purl.obolibrary.org/obo/IAO_0000112",
          "val" : "a tornado"
        }, {
          "pred" : "http://purl.obolibrary.org/obo/IAO_0000600",
          "val" : "A material entity is an independent continuant that has some portion of matter as proper or improper continuant part. (axiom label in BFO2 Reference: [019-002])"
        }, {
          "pred" : "http://purl.obolibrary.org/obo/IAO_0000601",
          "val" : "every entity of which a material entity is continuant part is also a material entity. (axiom label in BFO2 Reference: [021-002])"
        }, {
          "pred" : "http://purl.obolibrary.org/obo/IAO_0000112",
          "val" : "a photon"
        }, {
          "pred" : "http://purl.obolibrary.org/obo/IAO_0000112",
          "val" : "the undetached arm of a human being"
        }, {
          "pred" : "http://purl.obolibrary.org/obo/IAO_0000112",
          "val" : "a puff of smoke"
        }, {
          "pred" : "http://purl.obolibrary.org/obo/IAO_0000602",
          "val" : "(forall (x) (if (and (Entity x) (exists (y t) (and (MaterialEntity y) (continuantPartOfAt y x t)))) (MaterialEntity x))) // axiom label in BFO2 CLIF: [020-002] "
        }, {
          "pred" : "http://www.w3.org/2000/01/rdf-schema#isDefinedBy",
          "val" : "http://purl.obolibrary.org/obo/bfo.owl"
        }, {
          "pred" : "http://purl.obolibrary.org/obo/IAO_0000112",
          "val" : "an epidemic"
        } ]
      },
      "type" : "CLASS",
      "lbl" : "material entity"
    }, {
      "id" : "http://purl.obolibrary.org/obo/BFO_0000020",
      "meta" : {
        "definition" : {
          "val" : "b is a specifically dependent continuant = Def. b is a continuant & there is some independent continuant c which is not a spatial region and which is such that b s-depends_on c at every time t during the course of b’s existence. (axiom label in BFO2 Reference: [050-003])",
          "xrefs" : [ ]
        },
        "basicPropertyValues" : [ {
          "pred" : "http://purl.obolibrary.org/obo/IAO_0000112",
          "val" : "of one-sided specifically dependent continuants: the mass of this tomato"
        }, {
          "pred" : "http://purl.obolibrary.org/obo/BFO_0000180",
          "val" : "SpecificallyDependentContinuant"
        }, {
          "pred" : "http://purl.obolibrary.org/obo/IAO_0000112",
          "val" : "the disposition of this fish to decay"
        }, {
          "pred" : "http://purl.obolibrary.org/obo/IAO_0000112",
          "val" : "the role of being a doctor"
        }, {
          "pred" : "http://purl.obolibrary.org/obo/IAO_0000112",
          "val" : "the pink color of a medium rare piece of grilled filet mignon at its center"
        }, {
          "pred" : "http://purl.obolibrary.org/obo/IAO_0000112",
          "val" : "of relational dependent continuants (multiple bearers): John’s love for Mary, the ownership relation between John and this statue, the relation of authority between John and his subordinates."
        }, {
          "pred" : "http://purl.obolibrary.org/obo/BFO_0000179",
          "val" : "sdc"
        }, {
          "pred" : "http://purl.obolibrary.org/obo/IAO_0000112",
          "val" : "Reciprocal specifically dependent continuants: the function of this key to open this lock and the mutually dependent disposition of this lock: to be opened by this key"
        }, {
          "pred" : "http://www.w3.org/2000/01/rdf-schema#isDefinedBy",
          "val" : "http://purl.obolibrary.org/obo/bfo.owl"
        }, {
          "pred" : "http://purl.obolibrary.org/obo/IAO_0000602",
          "val" : "(iff (SpecificallyDependentContinuant a) (and (Continuant a) (forall (t) (if (existsAt a t) (exists (b) (and (IndependentContinuant b) (not (SpatialRegion b)) (specificallyDependsOnAt a b t))))))) // axiom label in BFO2 CLIF: [050-003] "
        }, {
          "pred" : "http://purl.obolibrary.org/obo/IAO_0000112",
          "val" : "the mutual dependence of proton donors and acceptors in chemical reactions [79"
        }, {
          "pred" : "http://purl.obolibrary.org/obo/IAO_0000116",
          "val" : "Specifically dependent continuant doesn't have a closure axiom because the subclasses don't necessarily exhaust all possibilites. We're not sure what else will develop here, but for example there are questions such as what are promises, obligation, etc."
        }, {
          "pred" : "http://purl.obolibrary.org/obo/IAO_0000112",
          "val" : "the mutual dependence of the role predator and the role prey as played by two organisms in a given interaction"
        }, {
          "pred" : "http://purl.obolibrary.org/obo/IAO_0000112",
          "val" : "the smell of this portion of mozzarella"
        }, {
          "pred" : "http://purl.obolibrary.org/obo/IAO_0000112",
          "val" : "the function of this heart: to pump blood"
        }, {
          "pred" : "http://purl.obolibrary.org/obo/IAO_0000112",
          "val" : "the shape of this hole."
        } ]
      },
      "type" : "CLASS",
      "lbl" : "specifically dependent continuant"
    }, {
      "id" : "http://purl.obolibrary.org/obo/BFO_0000141",
      "meta" : {
        "basicPropertyValues" : [ {
          "pred" : "http://purl.obolibrary.org/obo/BFO_0000180",
          "val" : "ImmaterialEntity"
        }, {
          "pred" : "http://purl.obolibrary.org/obo/IAO_0000116",
          "val" : "BFO 2 Reference: Immaterial entities are divided into two subgroups:boundaries and sites, which bound, or are demarcated in relation, to material entities, and which can thus change location, shape and size and as their material hosts move or change shape or size (for example: your nasal passage; the hold of a ship; the boundary of Wales (which moves with the rotation of the Earth) [38, 7, 10"
        }, {
          "pred" : "http://purl.obolibrary.org/obo/BFO_0000179",
          "val" : "immaterial"
        }, {
          "pred" : "http://www.w3.org/2000/01/rdf-schema#isDefinedBy",
          "val" : "http://purl.obolibrary.org/obo/bfo.owl"
        } ]
      },
      "type" : "CLASS",
      "lbl" : "immaterial entity"
    } ],
    "edges" : [ {
      "sub" : "http://purl.obolibrary.org/obo/BFO_0000141",
      "pred" : "is_a",
      "obj" : "http://purl.obolibrary.org/obo/BFO_0000004"
    }, {
      "sub" : "http://purl.obolibrary.org/obo/BFO_0000031",
      "pred" : "is_a",
      "obj" : "http://purl.obolibrary.org/obo/BFO_0000002"
    }, {
      "sub" : "http://purl.obolibrary.org/obo/BFO_0000004",
      "pred" : "is_a",
      "obj" : "http://purl.obolibrary.org/obo/BFO_0000002"
    }, {
      "sub" : "http://purl.obolibrary.org/obo/BFO_0000020",
      "pred" : "is_a",
      "obj" : "http://purl.obolibrary.org/obo/BFO_0000002"
    }, {
      "sub" : "http://purl.obolibrary.org/obo/BFO_0000034",
      "pred" : "is_a",
      "obj" : "http://purl.obolibrary.org/obo/BFO_0000016"
    }, {
      "sub" : "http://purl.obolibrary.org/obo/BFO_0000023",
      "pred" : "is_a",
      "obj" : "http://purl.obolibrary.org/obo/BFO_0000017"
    }, {
      "sub" : "http://purl.obolibrary.org/obo/BFO_0000024",
      "pred" : "is_a",
      "obj" : "http://purl.obolibrary.org/obo/BFO_0000040"
    }, {
      "sub" : "http://purl.obolibrary.org/obo/BFO_0000182",
      "pred" : "is_a",
      "obj" : "http://purl.obolibrary.org/obo/BFO_0000015"
    }, {
      "sub" : "http://purl.obolibrary.org/obo/BFO_0000030",
      "pred" : "is_a",
      "obj" : "http://purl.obolibrary.org/obo/BFO_0000040"
    }, {
      "sub" : "http://purl.obolibrary.org/obo/BFO_0000017",
      "pred" : "is_a",
      "obj" : "http://purl.obolibrary.org/obo/BFO_0000020"
    }, {
      "sub" : "http://purl.obolibrary.org/obo/BFO_0000029",
      "pred" : "is_a",
      "obj" : "http://purl.obolibrary.org/obo/BFO_0000141"
    }, {
      "sub" : "http://purl.obolibrary.org/obo/BFO_0000027",
      "pred" : "is_a",
      "obj" : "http://purl.obolibrary.org/obo/BFO_0000040"
    }, {
      "sub" : "http://purl.obolibrary.org/obo/BFO_0000040",
      "pred" : "is_a",
      "obj" : "http://purl.obolibrary.org/obo/BFO_0000004"
    }, {
      "sub" : "http://purl.obolibrary.org/obo/BFO_0000002",
      "pred" : "is_a",
      "obj" : "http://purl.obolibrary.org/obo/BFO_0000001"
    }, {
      "sub" : "http://purl.obolibrary.org/obo/BFO_0000019",
      "pred" : "is_a",
      "obj" : "http://purl.obolibrary.org/obo/BFO_0000020"
    }, {
      "sub" : "http://purl.obolibrary.org/obo/BFO_0000003",
      "pred" : "is_a",
      "obj" : "http://purl.obolibrary.org/obo/BFO_0000001"
    }, {
      "sub" : "http://purl.obolibrary.org/obo/BFO_0000015",
      "pred" : "is_a",
      "obj" : "http://purl.obolibrary.org/obo/BFO_0000003"
    }, {
      "sub" : "http://purl.obolibrary.org/obo/BFO_0000016",
      "pred" : "is_a",
      "obj" : "http://purl.obolibrary.org/obo/BFO_0000017"
    } ],
    "id" : "http://purl.obolibrary.org/obo/ecocore/imports/bfo_import.owl",
    "meta" : {
      "subsets" : [ ],
      "xrefs" : [ ],
      "basicPropertyValues" : [ ],
      "version" : "http://purl.obolibrary.org/obo/ecocore/releases/2019-02-21/imports/bfo_import.owl"
    },
    "equivalentNodesSets" : [ ],
    "logicalDefinitionAxioms" : [ ],
    "domainRangeAxioms" : [ ],
    "propertyChainAxioms" : [ ]
  } ]
}