{
  "graphs" : [ {
    "nodes" : [ {
      "id" : "http://purl.obolibrary.org/obo/PATO_0015024",
      "meta" : {
        "definition" : {
          "val" : "An increase in porosity.",
          "xrefs" : [ "https://github.com/pato-ontology/pato/issues/110" ]
        },
        "subsets" : [ "http://purl.obolibrary.org/obo/pato#value_slim" ],
        "basicPropertyValues" : [ {
          "pred" : "http://www.geneontology.org/formats/oboInOwl#hasOBONamespace",
          "val" : "quality"
        } ]
      },
      "type" : "CLASS",
      "lbl" : "increased porosity"
    }, {
      "id" : "http://purl.obolibrary.org/obo/PATO_0001739",
      "meta" : {
        "definition" : {
          "val" : "A quality that inheres in an bearer by virtue of how that bearer interacts with radiation.",
          "xrefs" : [ "PATOC:GVG" ]
        },
        "subsets" : [ "http://purl.obolibrary.org/obo/pato#attribute_slim" ],
        "basicPropertyValues" : [ {
          "pred" : "http://www.geneontology.org/formats/oboInOwl#hasOBONamespace",
          "val" : "quality"
        } ]
      },
      "type" : "CLASS",
      "lbl" : "radiation quality"
    }, {
      "id" : "http://purl.obolibrary.org/obo/PATO_0015025",
      "meta" : {
        "definition" : {
          "val" : "An decrease in porosity.",
          "xrefs" : [ "https://github.com/pato-ontology/pato/issues/110" ]
        },
        "subsets" : [ "http://purl.obolibrary.org/obo/pato#value_slim" ],
        "basicPropertyValues" : [ {
          "pred" : "http://www.geneontology.org/formats/oboInOwl#hasOBONamespace",
          "val" : "quality"
        }, {
          "pred" : "http://purl.obolibrary.org/obo/RO_0002604",
          "val" : "http://purl.obolibrary.org/obo/PATO_0015024"
        } ]
      },
      "type" : "CLASS",
      "lbl" : "decreased porosity"
    }, {
      "id" : "http://purl.obolibrary.org/obo/PATO_0000048",
      "meta" : {
        "definition" : {
          "val" : "A physical quality inhering in a bearer by virtue of the bearer's resistance to pressure, being broken, or pierced",
          "xrefs" : [ "merriam-webster:merriam-webster" ]
        },
        "subsets" : [ "http://purl.obolibrary.org/obo/pato#attribute_slim", "http://purl.obolibrary.org/obo/pato#disposition_slim" ],
        "synonyms" : [ {
          "pred" : "hasRelatedSynonym",
          "val" : "toughness",
          "xrefs" : [ ]
        }, {
          "pred" : "hasRelatedSynonym",
          "val" : "impenetrability",
          "xrefs" : [ ]
        } ],
        "basicPropertyValues" : [ {
          "pred" : "http://www.geneontology.org/formats/oboInOwl#hasOBONamespace",
          "val" : "quality"
        } ]
      },
      "type" : "CLASS",
      "lbl" : "hardness"
    }, {
      "id" : "http://purl.obolibrary.org/obo/PATO_0000169",
      "meta" : {
        "definition" : {
          "val" : "An organismal quality inhering in a bearer or a population by virtue of the bearer's disposition to survive and develop normally or the number of surviving individuals in a given population.",
          "xrefs" : [ "PATOC:GVG" ]
        },
        "subsets" : [ "http://purl.obolibrary.org/obo/pato#disposition_slim", "http://purl.obolibrary.org/obo/pato#attribute_slim" ],
        "basicPropertyValues" : [ {
          "pred" : "http://www.geneontology.org/formats/oboInOwl#hasOBONamespace",
          "val" : "quality"
        } ]
      },
      "type" : "CLASS",
      "lbl" : "viability"
    }, {
      "id" : "http://purl.obolibrary.org/obo/PATO_0001655",
      "meta" : {
        "definition" : {
          "val" : "A concentration quality inhering in a bearer by virtue of the bearer's amount of osmoles of solute per liter of solution.",
          "xrefs" : [ "Wikipedia:http://en.wikipedia.org/wiki/Osmolarity" ]
        },
        "subsets" : [ "http://purl.obolibrary.org/obo/pato#attribute_slim", "http://purl.obolibrary.org/obo/pato#scalar_slim", "http://purl.obolibrary.org/obo/pato#relational_slim" ],
        "basicPropertyValues" : [ {
          "pred" : "http://www.geneontology.org/formats/oboInOwl#hasOBONamespace",
          "val" : "quality"
        } ]
      },
      "type" : "CLASS",
      "lbl" : "osmolarity"
    }, {
      "id" : "http://purl.obolibrary.org/obo/PATO_0001656",
      "meta" : {
        "definition" : {
          "val" : "A osmolarity which is relatively low.",
          "xrefs" : [ "PATOC:GVG" ]
        },
        "subsets" : [ "http://purl.obolibrary.org/obo/pato#value_slim", "http://purl.obolibrary.org/obo/pato#relational_slim" ],
        "synonyms" : [ {
          "pred" : "hasExactSynonym",
          "val" : "low osmolarity",
          "xrefs" : [ ]
        } ],
        "basicPropertyValues" : [ {
          "pred" : "http://purl.obolibrary.org/obo/RO_0002604",
          "val" : "http://purl.obolibrary.org/obo/PATO_0001657"
        }, {
          "pred" : "http://www.geneontology.org/formats/oboInOwl#hasOBONamespace",
          "val" : "quality"
        } ]
      },
      "type" : "CLASS",
      "lbl" : "decreased osmolarity"
    }, {
      "id" : "http://purl.obolibrary.org/obo/PATO_0002305",
      "meta" : {
        "definition" : {
          "val" : "A quality of an object that has a value that is increased compared to normal or average.",
          "xrefs" : [ "PATOC:GVG" ]
        },
        "basicPropertyValues" : [ {
          "pred" : "http://www.geneontology.org/formats/oboInOwl#hasOBONamespace",
          "val" : "quality"
        }, {
          "pred" : "http://www.geneontology.org/formats/oboInOwl#created_by",
          "val" : "George Gkoutos"
        }, {
          "pred" : "http://www.geneontology.org/formats/oboInOwl#creation_date",
          "val" : "2011-06-16T06:54:01Z"
        }, {
          "pred" : "http://purl.obolibrary.org/obo/RO_0002604",
          "val" : "http://purl.obolibrary.org/obo/PATO_0002303"
        } ]
      },
      "type" : "CLASS",
      "lbl" : "increased object quality"
    }, {
      "id" : "http://purl.obolibrary.org/obo/PATO_0001018",
      "meta" : {
        "definition" : {
          "val" : "A quality of a physical entity that exists through action of continuants at the physical level of organisation in relation to other entities.",
          "xrefs" : [ "PATOC:GVG" ]
        },
        "subsets" : [ "http://purl.obolibrary.org/obo/pato#attribute_slim" ],
        "xrefs" : [ {
          "val" : "Wikipedia:Physical_property"
        } ],
        "synonyms" : [ {
          "pred" : "hasExactSynonym",
          "val" : "relational physical quality",
          "xrefs" : [ ]
        } ],
        "basicPropertyValues" : [ {
          "pred" : "http://www.geneontology.org/formats/oboInOwl#hasAlternativeId",
          "val" : "PATO:0002079"
        }, {
          "pred" : "http://www.geneontology.org/formats/oboInOwl#hasOBONamespace",
          "val" : "quality"
        } ]
      },
      "type" : "CLASS",
      "lbl" : "physical quality"
    }, {
      "id" : "http://purl.obolibrary.org/obo/PATO_0000963",
      "meta" : {
        "definition" : {
          "val" : "A optical quality inhering in a bearer by virtue of the bearer's not being clear; not transmitting or reflecting light or radiant energy.",
          "xrefs" : [ "PATOC:GVG" ]
        },
        "subsets" : [ "http://purl.obolibrary.org/obo/pato#value_slim", "http://purl.obolibrary.org/obo/pato#mpath_slim" ],
        "synonyms" : [ {
          "pred" : "hasExactSynonym",
          "val" : "non-transparent",
          "xrefs" : [ ]
        }, {
          "pred" : "hasRelatedSynonym",
          "val" : "clouding",
          "xrefs" : [ ]
        }, {
          "pred" : "hasRelatedSynonym",
          "val" : "cloudy",
          "xrefs" : [ ]
        } ],
        "basicPropertyValues" : [ {
          "pred" : "http://purl.obolibrary.org/obo/RO_0002604",
          "val" : "http://purl.obolibrary.org/obo/PATO_0000964"
        }, {
          "pred" : "http://www.geneontology.org/formats/oboInOwl#hasOBONamespace",
          "val" : "quality"
        } ]
      },
      "type" : "CLASS",
      "lbl" : "opaque"
    }, {
      "id" : "http://purl.obolibrary.org/obo/PATO_0002303",
      "meta" : {
        "definition" : {
          "val" : "A quality of an object that has a value that is decreased compared to normal or average.",
          "xrefs" : [ "PATOC:GVG" ]
        },
        "basicPropertyValues" : [ {
          "pred" : "http://www.geneontology.org/formats/oboInOwl#created_by",
          "val" : "George Gkoutos"
        }, {
          "pred" : "http://www.geneontology.org/formats/oboInOwl#creation_date",
          "val" : "2011-06-16T06:51:54Z"
        }, {
          "pred" : "http://purl.obolibrary.org/obo/RO_0002604",
          "val" : "http://purl.obolibrary.org/obo/PATO_0002305"
        }, {
          "pred" : "http://www.geneontology.org/formats/oboInOwl#hasOBONamespace",
          "val" : "quality"
        } ]
      },
      "type" : "CLASS",
      "lbl" : "decreased object quality"
    }, {
      "id" : "http://purl.obolibrary.org/obo/PATO_0001657",
      "meta" : {
        "definition" : {
          "val" : "A osmolarity which is relatively high.",
          "xrefs" : [ "PATOC:GVG" ]
        },
        "subsets" : [ "http://purl.obolibrary.org/obo/pato#value_slim", "http://purl.obolibrary.org/obo/pato#relational_slim" ],
        "synonyms" : [ {
          "pred" : "hasExactSynonym",
          "val" : "high osmolarity",
          "xrefs" : [ ]
        } ],
        "basicPropertyValues" : [ {
          "pred" : "http://purl.obolibrary.org/obo/RO_0002604",
          "val" : "http://purl.obolibrary.org/obo/PATO_0001656"
        }, {
          "pred" : "http://www.geneontology.org/formats/oboInOwl#hasOBONamespace",
          "val" : "quality"
        } ]
      },
      "type" : "CLASS",
      "lbl" : "increased osmolarity"
    }, {
      "id" : "http://purl.obolibrary.org/obo/PATO_0002143",
      "meta" : {
        "subsets" : [ "http://purl.obolibrary.org/obo/pato#value_slim" ],
        "basicPropertyValues" : [ {
          "pred" : "http://www.geneontology.org/formats/oboInOwl#hasOBONamespace",
          "val" : "quality"
        }, {
          "pred" : "http://www.geneontology.org/formats/oboInOwl#created_by",
          "val" : "george"
        }, {
          "pred" : "http://www.geneontology.org/formats/oboInOwl#creation_date",
          "val" : "2009-10-30T02:18:39Z"
        } ]
      },
      "type" : "CLASS",
      "lbl" : "sloped downward"
    }, {
      "id" : "http://purl.obolibrary.org/obo/BFO_0000050",
      "meta" : {
        "xrefs" : [ {
          "val" : "BFO:0000050"
        } ],
        "basicPropertyValues" : [ {
          "pred" : "http://www.geneontology.org/formats/oboInOwl#shorthand",
          "val" : "part_of"
        }, {
          "pred" : "http://www.geneontology.org/formats/oboInOwl#hasOBONamespace",
          "val" : "quality"
        } ]
      },
      "type" : "PROPERTY",
      "lbl" : "part_of"
    }, {
      "id" : "http://purl.obolibrary.org/obo/PATO_0001497",
      "meta" : {
        "definition" : {
          "val" : "A reproductive quality inhering in the young of an animal by virtue of the bearer's disposition to survive and develop normally.",
          "xrefs" : [ "PATOC:GVG" ]
        },
        "subsets" : [ "http://purl.obolibrary.org/obo/pato#attribute_slim", "http://purl.obolibrary.org/obo/pato#disposition_slim" ],
        "basicPropertyValues" : [ {
          "pred" : "http://www.geneontology.org/formats/oboInOwl#hasOBONamespace",
          "val" : "quality"
        } ]
      },
      "type" : "CLASS",
      "lbl" : "brood viability"
    }, {
      "id" : "http://purl.obolibrary.org/obo/PATO_0002300",
      "meta" : {
        "definition" : {
          "val" : "A quality that has a value that is increased compared to normal or average.",
          "xrefs" : [ "PATOC:GVG" ]
        },
        "basicPropertyValues" : [ {
          "pred" : "http://purl.obolibrary.org/obo/RO_0002604",
          "val" : "http://purl.obolibrary.org/obo/PATO_0002301"
        }, {
          "pred" : "http://www.geneontology.org/formats/oboInOwl#creation_date",
          "val" : "2011-06-16T06:39:43Z"
        }, {
          "pred" : "http://www.geneontology.org/formats/oboInOwl#hasOBONamespace",
          "val" : "quality"
        }, {
          "pred" : "http://www.geneontology.org/formats/oboInOwl#created_by",
          "val" : "George Gkoutos"
        } ]
      },
      "type" : "CLASS",
      "lbl" : "increased quality"
    }, {
      "id" : "http://purl.obolibrary.org/obo/PATO_0002301",
      "meta" : {
        "definition" : {
          "val" : "A quality that has a value that is decreased compared to normal or average.",
          "xrefs" : [ "PATOC:GVG" ]
        },
        "basicPropertyValues" : [ {
          "pred" : "http://purl.obolibrary.org/obo/RO_0002604",
          "val" : "http://purl.obolibrary.org/obo/PATO_0002300"
        }, {
          "pred" : "http://www.geneontology.org/formats/oboInOwl#creation_date",
          "val" : "2011-06-16T06:40:15Z"
        }, {
          "pred" : "http://www.geneontology.org/formats/oboInOwl#hasOBONamespace",
          "val" : "quality"
        }, {
          "pred" : "http://www.geneontology.org/formats/oboInOwl#created_by",
          "val" : "George Gkoutos"
        } ]
      },
      "type" : "CLASS",
      "lbl" : "decreased quality"
    }, {
      "id" : "http://www.geneontology.org/formats/oboInOwl#inSubset",
      "type" : "PROPERTY",
      "lbl" : "in_subset"
    }, {
      "id" : "http://purl.obolibrary.org/obo/PATO_0001770",
      "meta" : {
        "definition" : {
          "val" : "A viability quality inhering in a population by virtue of some of it's members' ability to survive.",
          "xrefs" : [ "PATOC:CVC" ]
        },
        "subsets" : [ "http://purl.obolibrary.org/obo/pato#disposition_slim", "http://purl.obolibrary.org/obo/pato#value_slim" ],
        "basicPropertyValues" : [ {
          "pred" : "http://www.geneontology.org/formats/oboInOwl#hasOBONamespace",
          "val" : "quality"
        } ]
      },
      "type" : "CLASS",
      "lbl" : "semi-viable"
    }, {
      "id" : "http://purl.obolibrary.org/obo/PATO_0000001",
      "meta" : {
        "definition" : {
          "val" : "A dependent entity that inheres in a bearer by virtue of how the bearer is related to other entities",
          "xrefs" : [ "PATOC:GVG" ]
        },
        "synonyms" : [ {
          "pred" : "hasExactSynonym",
          "val" : "trait",
          "xrefs" : [ ]
        } ],
        "basicPropertyValues" : [ {
          "pred" : "http://www.geneontology.org/formats/oboInOwl#hasAlternativeId",
          "val" : "PATO:0000072"
        }, {
          "pred" : "http://www.geneontology.org/formats/oboInOwl#hasOBONamespace",
          "val" : "quality"
        } ]
      },
      "type" : "CLASS",
      "lbl" : "quality"
    }, {
      "id" : "http://purl.obolibrary.org/obo/IAO_0000115",
      "type" : "PROPERTY",
      "lbl" : "definition"
    }, {
      "id" : "http://purl.obolibrary.org/obo/PATO_0001291",
      "meta" : {
        "definition" : {
          "val" : "A physical quality that inheres in an bearer by virtue of how that bearer interacts with electromagnetic radiation.",
          "xrefs" : [ "Wikipedia:http://en.wikipedia.org/wiki/Electromagnetic_radiation" ]
        },
        "subsets" : [ "http://purl.obolibrary.org/obo/pato#attribute_slim" ],
        "basicPropertyValues" : [ {
          "pred" : "http://www.geneontology.org/formats/oboInOwl#hasOBONamespace",
          "val" : "quality"
        } ]
      },
      "type" : "CLASS",
      "lbl" : "electromagnetic (EM) radiation quality"
    }, {
      "id" : "http://purl.obolibrary.org/obo/BFO_0000051",
      "meta" : {
        "definition" : {
          "val" : "Q1 has_part Q2 if and only if: every instance of Q1 is a quality_of an entity that has_quality some Q2.",
          "xrefs" : [ "PATOC:CJM" ]
        },
        "xrefs" : [ {
          "val" : "BFO:0000051"
        } ],
        "basicPropertyValues" : [ {
          "pred" : "http://www.geneontology.org/formats/oboInOwl#hasOBONamespace",
          "val" : "quality"
        }, {
          "pred" : "http://www.geneontology.org/formats/oboInOwl#shorthand",
          "val" : "has_part"
        }, {
          "pred" : "http://www.w3.org/2000/01/rdf-schema#comment",
          "val" : "We use the has_part relation to relate complex qualities to more primitive ones. A complex quality is a collection of qualities. The complex quality cannot exist without the sub-qualities. For example, the quality 'swollen' necessarily comes with the qualities of 'protruding' and 'increased size'."
        } ]
      },
      "type" : "PROPERTY",
      "lbl" : "has_part"
    }, {
      "id" : "http://purl.obolibrary.org/obo/PATO_0002182",
      "meta" : {
        "definition" : {
          "val" : "A quality which inheres in a molecular entity, a single molecule, atom, ion, radical etc.",
          "xrefs" : [ "PATOC:GVG" ]
        },
        "synonyms" : [ {
          "pred" : "hasExactSynonym",
          "val" : "relational molecular quality",
          "xrefs" : [ ]
        } ],
        "basicPropertyValues" : [ {
          "pred" : "http://www.geneontology.org/formats/oboInOwl#hasAlternativeId",
          "val" : "PATO:0002061"
        }, {
          "pred" : "http://www.geneontology.org/formats/oboInOwl#creation_date",
          "val" : "2010-03-10T03:18:15Z"
        }, {
          "pred" : "http://www.geneontology.org/formats/oboInOwl#created_by",
          "val" : "George Gkoutos"
        }, {
          "pred" : "http://www.geneontology.org/formats/oboInOwl#hasOBONamespace",
          "val" : "quality"
        } ]
      },
      "type" : "CLASS",
      "lbl" : "molecular quality"
    }, {
      "id" : "http://purl.obolibrary.org/obo/PATO_0002181",
      "meta" : {
        "definition" : {
          "val" : "A positional quality inhering in a bearer by virtue the bearer's being changed in position.",
          "xrefs" : [ "PATOC:GVG" ]
        },
        "subsets" : [ "http://purl.obolibrary.org/obo/pato#attribute_slim" ],
        "basicPropertyValues" : [ {
          "pred" : "http://www.geneontology.org/formats/oboInOwl#creation_date",
          "val" : "2010-03-01T02:56:33Z"
        }, {
          "pred" : "http://www.geneontology.org/formats/oboInOwl#created_by",
          "val" : "George Gkoutos"
        }, {
          "pred" : "http://www.geneontology.org/formats/oboInOwl#hasOBONamespace",
          "val" : "quality"
        } ]
      },
      "type" : "CLASS",
      "lbl" : "displaced"
    }, {
      "id" : "http://purl.obolibrary.org/obo/PATO_0001985",
      "meta" : {
        "definition" : {
          "val" : "A quality inhering in a bearer by virtue of the bearer's being kept below its freezing point.",
          "xrefs" : [ "OBI:OBI" ]
        },
        "subsets" : [ "http://purl.obolibrary.org/obo/pato#value_slim" ],
        "basicPropertyValues" : [ {
          "pred" : "http://www.geneontology.org/formats/oboInOwl#hasOBONamespace",
          "val" : "quality"
        } ]
      },
      "type" : "CLASS",
      "lbl" : "frozen"
    }, {
      "id" : "http://purl.obolibrary.org/obo/PATO_0001546",
      "meta" : {
        "definition" : {
          "val" : "A physical quality inhering in a bearer by virtue of the bearer's exhibiting the physical characteristics of an entity characterized by particles arranged such that their shape and volume are relatively stable.",
          "xrefs" : [ "Chemistry:http://chemistry.about.com/od/chemistryglossary/a/soliddefinition.htm" ]
        },
        "subsets" : [ "http://purl.obolibrary.org/obo/pato#attribute_slim" ],
        "synonyms" : [ {
          "pred" : "hasExactSynonym",
          "val" : "solidity",
          "xrefs" : [ ]
        } ],
        "basicPropertyValues" : [ {
          "pred" : "http://www.geneontology.org/formats/oboInOwl#hasOBONamespace",
          "val" : "quality"
        } ]
      },
      "type" : "CLASS",
      "lbl" : "quality of a solid"
    }, {
      "id" : "http://purl.obolibrary.org/obo/PATO_0001422",
      "meta" : {
        "definition" : {
          "val" : "A viability quality inhering in a bearer by virtue of the cessation of the bearer's life.",
          "xrefs" : [ "PATOC:GVG" ]
        },
        "subsets" : [ "http://purl.obolibrary.org/obo/pato#value_slim" ],
        "basicPropertyValues" : [ {
          "pred" : "http://www.geneontology.org/formats/oboInOwl#hasOBONamespace",
          "val" : "quality"
        } ]
      },
      "type" : "CLASS",
      "lbl" : "dead"
    }, {
      "id" : "http://purl.obolibrary.org/obo/PATO_0000973",
      "meta" : {
        "definition" : {
          "val" : "A permeability quality inhering in a bearer by virtue of the bearer's disposition to admit the passage of gas or liquid through pores or interstices.",
          "xrefs" : [ "PATOC:GVG" ]
        },
        "subsets" : [ "http://purl.obolibrary.org/obo/pato#scalar_slim", "http://purl.obolibrary.org/obo/pato#disposition_slim", "http://purl.obolibrary.org/obo/pato#attribute_slim" ],
        "basicPropertyValues" : [ {
          "pred" : "http://www.geneontology.org/formats/oboInOwl#hasOBONamespace",
          "val" : "quality"
        } ]
      },
      "type" : "CLASS",
      "lbl" : "porosity"
    }, {
      "id" : "http://purl.obolibrary.org/obo/PATO_0001305",
      "meta" : {
        "definition" : {
          "val" : "A temperature which is relatively high.",
          "xrefs" : [ "PATOC:GVG" ]
        },
        "subsets" : [ "http://purl.obolibrary.org/obo/pato#value_slim" ],
        "synonyms" : [ {
          "pred" : "hasExactSynonym",
          "val" : "hot",
          "xrefs" : [ ]
        }, {
          "pred" : "hasExactSynonym",
          "val" : "high temperature",
          "xrefs" : [ ]
        } ],
        "basicPropertyValues" : [ {
          "pred" : "http://www.geneontology.org/formats/oboInOwl#hasAlternativeId",
          "val" : "PATO:0000678"
        }, {
          "pred" : "http://www.geneontology.org/formats/oboInOwl#hasOBONamespace",
          "val" : "quality"
        }, {
          "pred" : "http://purl.obolibrary.org/obo/RO_0002604",
          "val" : "http://purl.obolibrary.org/obo/PATO_0001306"
        } ]
      },
      "type" : "CLASS",
      "lbl" : "increased temperature"
    }, {
      "id" : "http://purl.obolibrary.org/obo/PATO_0001547",
      "meta" : {
        "definition" : {
          "val" : "A physical quality inhering in a bearer by virtue of the bearer's exhibiting the physical characteristics of an entity consisting of particles that have neither a defined volume nor defined shape.",
          "xrefs" : [ "Chemistry:http://chemistry.about.com/od/chemistryglossary/a/gasdefinition.htm", "PATOC:GVG" ]
        },
        "subsets" : [ "http://purl.obolibrary.org/obo/pato#attribute_slim" ],
        "synonyms" : [ {
          "pred" : "hasExactSynonym",
          "val" : "gaseous",
          "xrefs" : [ ]
        } ],
        "basicPropertyValues" : [ {
          "pred" : "http://www.geneontology.org/formats/oboInOwl#hasOBONamespace",
          "val" : "quality"
        } ]
      },
      "type" : "CLASS",
      "lbl" : "quality of a gas"
    }, {
      "id" : "http://purl.obolibrary.org/obo/PATO_0001306",
      "meta" : {
        "definition" : {
          "val" : "A temperature which is relatively low.",
          "xrefs" : [ "PATOC:GVG" ]
        },
        "subsets" : [ "http://purl.obolibrary.org/obo/pato#value_slim" ],
        "synonyms" : [ {
          "pred" : "hasExactSynonym",
          "val" : "cold",
          "xrefs" : [ ]
        }, {
          "pred" : "hasExactSynonym",
          "val" : "low temperature",
          "xrefs" : [ ]
        } ],
        "basicPropertyValues" : [ {
          "pred" : "http://www.geneontology.org/formats/oboInOwl#hasOBONamespace",
          "val" : "quality"
        }, {
          "pred" : "http://purl.obolibrary.org/obo/RO_0002604",
          "val" : "http://purl.obolibrary.org/obo/PATO_0001305"
        }, {
          "pred" : "http://www.geneontology.org/formats/oboInOwl#hasAlternativeId",
          "val" : "PATO:0000677"
        } ]
      },
      "type" : "CLASS",
      "lbl" : "decreased temperature"
    }, {
      "id" : "http://purl.obolibrary.org/obo/PATO_0001548",
      "meta" : {
        "definition" : {
          "val" : "A physical quality inhering in an entity exhibiting the physical characteristics of an amorphous (non-crystalline) form of matter between a gas and a solid that has a definite volume, but no definite shape.",
          "xrefs" : [ "url:http://www.chemistry-dictionary.com/definition/liquid.php" ]
        },
        "subsets" : [ "http://purl.obolibrary.org/obo/pato#attribute_slim" ],
        "synonyms" : [ {
          "pred" : "hasExactSynonym",
          "val" : "liquidity",
          "xrefs" : [ ]
        } ],
        "basicPropertyValues" : [ {
          "pred" : "http://www.geneontology.org/formats/oboInOwl#hasOBONamespace",
          "val" : "quality"
        } ]
      },
      "type" : "CLASS",
      "lbl" : "quality of a liquid"
    }, {
      "id" : "http://purl.obolibrary.org/obo/PATO_0000051",
      "meta" : {
        "definition" : {
          "val" : "A quality of a single physical entity inhering in the bearer by virtue of the bearer's size or shape or structure.",
          "xrefs" : [ "PATOC:GVG" ]
        },
        "subsets" : [ "http://purl.obolibrary.org/obo/pato#attribute_slim" ],
        "basicPropertyValues" : [ {
          "pred" : "http://www.geneontology.org/formats/oboInOwl#hasOBONamespace",
          "val" : "quality"
        } ]
      },
      "type" : "CLASS",
      "lbl" : "morphology"
    }, {
      "id" : "http://purl.obolibrary.org/obo/PATO_0002198",
      "meta" : {
        "definition" : {
          "val" : "A quality inhering in a bearer by virtue of its constitution.",
          "xrefs" : [ "PATOC:GVG" ]
        },
        "subsets" : [ "http://purl.obolibrary.org/obo/pato#attribute_slim" ],
        "basicPropertyValues" : [ {
          "pred" : "http://www.geneontology.org/formats/oboInOwl#created_by",
          "val" : "George Gkoutos"
        }, {
          "pred" : "http://www.geneontology.org/formats/oboInOwl#hasOBONamespace",
          "val" : "quality"
        }, {
          "pred" : "http://www.geneontology.org/formats/oboInOwl#creation_date",
          "val" : "2010-03-15T04:35:27Z"
        } ]
      },
      "type" : "CLASS",
      "lbl" : "quality of a substance"
    }, {
      "id" : "http://purl.obolibrary.org/obo/PATO_0000052",
      "meta" : {
        "definition" : {
          "val" : "A morphological quality inhering in a bearer by virtue of the bearer's ratios of distances between its features (points, edges, surfaces and also holes etc).",
          "xrefs" : [ "PATOC:GVG" ]
        },
        "subsets" : [ "http://purl.obolibrary.org/obo/pato#attribute_slim" ],
        "synonyms" : [ {
          "pred" : "hasExactSynonym",
          "val" : "relational shape quality",
          "xrefs" : [ ]
        } ],
        "basicPropertyValues" : [ {
          "pred" : "http://www.geneontology.org/formats/oboInOwl#hasOBONamespace",
          "val" : "quality"
        }, {
          "pred" : "http://www.geneontology.org/formats/oboInOwl#hasAlternativeId",
          "val" : "PATO:0001647"
        }, {
          "pred" : "http://www.w3.org/2000/01/rdf-schema#comment",
          "val" : "Shapes are invariant on size transformations. Shapes can be subdivided into 2D and 3D shapes, We can also make a distinction between shapes of complete self-connected objects, and shapes of parts of objects."
        } ]
      },
      "type" : "CLASS",
      "lbl" : "shape"
    }, {
      "id" : "http://purl.obolibrary.org/obo/PATO_0001421",
      "meta" : {
        "definition" : {
          "val" : "A viability quality inhering in a bearer by virtue of the bearer's condition before death.",
          "xrefs" : [ "PATOC:GVG" ]
        },
        "subsets" : [ "http://purl.obolibrary.org/obo/pato#value_slim" ],
        "basicPropertyValues" : [ {
          "pred" : "http://www.geneontology.org/formats/oboInOwl#hasOBONamespace",
          "val" : "quality"
        } ]
      },
      "type" : "CLASS",
      "lbl" : "alive"
    }, {
      "id" : "http://purl.obolibrary.org/obo/PATO_0001300",
      "meta" : {
        "definition" : {
          "val" : "An EM radiation quality in which the EM radiation is within the fiat range of the spectrum visible deemed to be light.",
          "xrefs" : [ "PATOC:GVG" ]
        },
        "subsets" : [ "http://purl.obolibrary.org/obo/pato#attribute_slim" ],
        "basicPropertyValues" : [ {
          "pred" : "http://www.geneontology.org/formats/oboInOwl#hasOBONamespace",
          "val" : "quality"
        } ]
      },
      "type" : "CLASS",
      "lbl" : "optical quality"
    }, {
      "id" : "http://purl.obolibrary.org/obo/PATO_0000970",
      "meta" : {
        "definition" : {
          "val" : "A structural quality inhering in a bearer by virtue of the bearer's disposition to being permeated or pervaded by a gas or liquid (as by osmosis or diffusion).",
          "xrefs" : [ "Biology-online:Biology-online" ]
        },
        "subsets" : [ "http://purl.obolibrary.org/obo/pato#disposition_slim", "http://purl.obolibrary.org/obo/pato#scalar_slim", "http://purl.obolibrary.org/obo/pato#attribute_slim" ],
        "basicPropertyValues" : [ {
          "pred" : "http://www.geneontology.org/formats/oboInOwl#hasOBONamespace",
          "val" : "quality"
        } ]
      },
      "type" : "CLASS",
      "lbl" : "permeability"
    }, {
      "id" : "http://www.geneontology.org/formats/oboInOwl#hasRelatedSynonym",
      "type" : "PROPERTY",
      "lbl" : "has_related_synonym"
    }, {
      "id" : "http://www.geneontology.org/formats/oboInOwl#hasBroadSynonym",
      "type" : "PROPERTY",
      "lbl" : "has_broad_synonym"
    }, {
      "id" : "http://www.geneontology.org/formats/oboInOwl#hasNarrowSynonym",
      "type" : "PROPERTY",
      "lbl" : "has_narrow_synonym"
    }, {
      "id" : "http://www.geneontology.org/formats/oboInOwl#hasExactSynonym",
      "type" : "PROPERTY",
      "lbl" : "has_exact_synonym"
    }, {
      "id" : "http://www.geneontology.org/formats/oboInOwl#hasDbXref",
      "type" : "PROPERTY",
      "lbl" : "database_cross_reference"
    }, {
      "id" : "http://purl.obolibrary.org/obo/PATO_0000587",
      "meta" : {
        "definition" : {
          "val" : "A size quality which is relatively low.",
          "xrefs" : [ "PATOC:GVG" ]
        },
        "subsets" : [ "http://purl.obolibrary.org/obo/pato#value_slim" ],
        "synonyms" : [ {
          "pred" : "hasRelatedSynonym",
          "val" : "tiny",
          "xrefs" : [ ]
        }, {
          "pred" : "hasNarrowSynonym",
          "val" : "hypoplasia",
          "xrefs" : [ ]
        }, {
          "pred" : "hasRelatedSynonym",
          "val" : "small",
          "xrefs" : [ ]
        }, {
          "pred" : "hasRelatedSynonym",
          "val" : "reduced",
          "xrefs" : [ ]
        }, {
          "pred" : "hasNarrowSynonym",
          "val" : "underdeveloped",
          "xrefs" : [ ]
        } ],
        "basicPropertyValues" : [ {
          "pred" : "http://purl.obolibrary.org/obo/RO_0002604",
          "val" : "http://purl.obolibrary.org/obo/PATO_0000586"
        }, {
          "pred" : "http://www.geneontology.org/formats/oboInOwl#hasOBONamespace",
          "val" : "quality"
        } ]
      },
      "type" : "CLASS",
      "lbl" : "decreased size"
    }, {
      "id" : "http://purl.obolibrary.org/obo/PATO_0001237",
      "meta" : {
        "basicPropertyValues" : [ {
          "pred" : "http://www.w3.org/2002/07/owl#deprecated",
          "val" : "true"
        }, {
          "pred" : "http://purl.obolibrary.org/obo/IAO_0000231",
          "val" : "http://purl.obolibrary.org/obo/IAO_0000227"
        }, {
          "pred" : "http://purl.obolibrary.org/obo/IAO_0100001",
          "val" : "http://purl.obolibrary.org/obo/PATO_0001241"
        } ]
      },
      "type" : "CLASS"
    }, {
      "id" : "http://purl.obolibrary.org/obo/PATO_0000069",
      "meta" : {
        "definition" : {
          "val" : "A quality inhering in a bearer by virtue of the whether the bearer differs from normal or average.",
          "xrefs" : [ "PATOC:GVG" ]
        },
        "subsets" : [ "http://purl.obolibrary.org/obo/pato#attribute_slim" ],
        "basicPropertyValues" : [ {
          "pred" : "http://www.geneontology.org/formats/oboInOwl#hasOBONamespace",
          "val" : "quality"
        } ]
      },
      "type" : "CLASS",
      "lbl" : "deviation(from_normal)"
    }, {
      "id" : "http://purl.obolibrary.org/obo/PATO_0000586",
      "meta" : {
        "definition" : {
          "val" : "A size quality which is relatively high.",
          "xrefs" : [ "PATOC:GVG" ]
        },
        "subsets" : [ "http://purl.obolibrary.org/obo/pato#value_slim" ],
        "synonyms" : [ {
          "pred" : "hasRelatedSynonym",
          "val" : "expanded",
          "xrefs" : [ ]
        }, {
          "pred" : "hasRelatedSynonym",
          "val" : "great",
          "xrefs" : [ ]
        }, {
          "pred" : "hasRelatedSynonym",
          "val" : "big",
          "xrefs" : [ ]
        }, {
          "pred" : "hasRelatedSynonym",
          "val" : "large",
          "xrefs" : [ ]
        }, {
          "pred" : "hasRelatedSynonym",
          "val" : "enlarged",
          "xrefs" : [ ]
        } ],
        "basicPropertyValues" : [ {
          "pred" : "http://purl.obolibrary.org/obo/RO_0002604",
          "val" : "http://purl.obolibrary.org/obo/PATO_0000587"
        }, {
          "pred" : "http://www.geneontology.org/formats/oboInOwl#hasOBONamespace",
          "val" : "quality"
        }, {
          "pred" : "http://www.geneontology.org/formats/oboInOwl#hasAlternativeId",
          "val" : "PATO:0001202"
        } ]
      },
      "type" : "CLASS",
      "lbl" : "increased size"
    }, {
      "id" : "http://purl.obolibrary.org/obo/PATO_0000146",
      "meta" : {
        "definition" : {
          "val" : "A physical quality of the thermal energy of a system.",
          "xrefs" : [ "PATOC:GVG" ]
        },
        "subsets" : [ "http://purl.obolibrary.org/obo/pato#scalar_slim", "http://purl.obolibrary.org/obo/pato#attribute_slim" ],
        "basicPropertyValues" : [ {
          "pred" : "http://www.geneontology.org/formats/oboInOwl#hasOBONamespace",
          "val" : "quality"
        } ]
      },
      "type" : "CLASS",
      "lbl" : "temperature"
    }, {
      "id" : "http://purl.obolibrary.org/obo/PATO_0000025",
      "meta" : {
        "definition" : {
          "val" : "A single physical entity inhering in an bearer by virtue of the bearer's quantities or relative ratios of subparts.",
          "xrefs" : [ "PATOC:GVG" ]
        },
        "subsets" : [ "http://purl.obolibrary.org/obo/pato#scalar_slim", "http://purl.obolibrary.org/obo/pato#attribute_slim" ],
        "synonyms" : [ {
          "pred" : "hasExactSynonym",
          "val" : "composed of",
          "xrefs" : [ ]
        }, {
          "pred" : "hasExactSynonym",
          "val" : "compositionality",
          "xrefs" : [ ]
        }, {
          "pred" : "hasExactSynonym",
          "val" : "content",
          "xrefs" : [ ]
        }, {
          "pred" : "hasExactSynonym",
          "val" : "structure, composition",
          "xrefs" : [ ]
        } ],
        "basicPropertyValues" : [ {
          "pred" : "http://www.geneontology.org/formats/oboInOwl#hasOBONamespace",
          "val" : "quality"
        }, {
          "pred" : "http://www.geneontology.org/formats/oboInOwl#hasAlternativeId",
          "val" : "PATO:0002015"
        }, {
          "pred" : "http://www.w3.org/2000/01/rdf-schema#comment",
          "val" : "For example calcium composition (which may inhere in bone), haemoglobin composition (which may inhere in blood)."
        } ]
      },
      "type" : "CLASS",
      "lbl" : "composition"
    }, {
      "id" : "http://purl.obolibrary.org/obo/PATO_0001995",
      "meta" : {
        "definition" : {
          "val" : "A quality that inheres in an entire organism or part of an organism.",
          "xrefs" : [ "PATOC:CJM" ]
        },
        "basicPropertyValues" : [ {
          "pred" : "http://www.geneontology.org/formats/oboInOwl#hasOBONamespace",
          "val" : "quality"
        } ]
      },
      "type" : "CLASS",
      "lbl" : "organismal quality"
    }, {
      "id" : "http://purl.obolibrary.org/obo/PATO_0000984",
      "meta" : {
        "definition" : {
          "val" : "A porosity quality inhering in a bearer by virtue of the bearer's being capable of admitting the passage of gas or liquid through pores or interstices.",
          "xrefs" : [ "PATOC:GVG" ]
        },
        "subsets" : [ "http://purl.obolibrary.org/obo/pato#value_slim", "http://purl.obolibrary.org/obo/pato#disposition_slim" ],
        "basicPropertyValues" : [ {
          "pred" : "http://www.geneontology.org/formats/oboInOwl#hasOBONamespace",
          "val" : "quality"
        }, {
          "pred" : "http://purl.obolibrary.org/obo/RO_0002604",
          "val" : "http://purl.obolibrary.org/obo/PATO_0000985"
        } ]
      },
      "type" : "CLASS",
      "lbl" : "porous"
    }, {
      "id" : "http://purl.obolibrary.org/obo/PATO_0001434",
      "meta" : {
        "definition" : {
          "val" : "An organismal quality inhering in a bearer by virtue of the bearer's ability to produce new life or offspring.",
          "xrefs" : [ "WordNet:WordNet" ]
        },
        "basicPropertyValues" : [ {
          "pred" : "http://www.geneontology.org/formats/oboInOwl#hasOBONamespace",
          "val" : "quality"
        } ]
      },
      "type" : "CLASS",
      "lbl" : "reproductive quality"
    }, {
      "id" : "http://purl.obolibrary.org/obo/PATO_0001835",
      "meta" : {
        "definition" : {
          "val" : "A fertility which is relatively high.",
          "xrefs" : [ "PATOC:GVG" ]
        },
        "subsets" : [ "http://purl.obolibrary.org/obo/pato#value_slim", "http://purl.obolibrary.org/obo/pato#disposition_slim" ],
        "synonyms" : [ {
          "pred" : "hasExactSynonym",
          "val" : "high fertility",
          "xrefs" : [ ]
        } ],
        "basicPropertyValues" : [ {
          "pred" : "http://purl.obolibrary.org/obo/RO_0002604",
          "val" : "http://purl.obolibrary.org/obo/PATO_0001834"
        }, {
          "pred" : "http://www.geneontology.org/formats/oboInOwl#hasOBONamespace",
          "val" : "quality"
        } ]
      },
      "type" : "CLASS",
      "lbl" : "increased fertility"
    }, {
      "id" : "http://purl.obolibrary.org/obo/pato#decreased_in_magnitude_relative_to",
      "meta" : {
        "definition" : {
          "val" : "q1 decreased_in_magnitude_relative_to q2 if and only if magnitude(q1) < magnitude(q2). Here, magnitude(q) is a function that maps a quality to a unit-invariant scale.",
          "xrefs" : [ "PATOC:CJM" ]
        },
        "basicPropertyValues" : [ {
          "pred" : "http://www.geneontology.org/formats/oboInOwl#hasOBONamespace",
          "val" : "quality"
        }, {
          "pred" : "http://www.w3.org/2000/01/rdf-schema#comment",
          "val" : "This relation is used to determine the 'directionality' of relative qualities such as 'decreased strength', relative to the parent type, 'strength'."
        } ]
      },
      "type" : "PROPERTY",
      "lbl" : "decreased_in_magnitude_relative_to"
    }, {
      "id" : "http://purl.obolibrary.org/obo/PATO_0001759",
      "meta" : {
        "definition" : {
          "val" : "A composition quality inhering in a bearer by virtue of the bearer's containing granules.",
          "xrefs" : [ "thefreedictionary.com:thefreedictionary.com" ]
        },
        "subsets" : [ "http://purl.obolibrary.org/obo/pato#value_slim", "http://purl.obolibrary.org/obo/pato#mpath_slim" ],
        "basicPropertyValues" : [ {
          "pred" : "http://www.geneontology.org/formats/oboInOwl#hasOBONamespace",
          "val" : "quality"
        } ]
      },
      "type" : "CLASS",
      "lbl" : "granular"
    }, {
      "id" : "http://purl.obolibrary.org/obo/PATO_0001834",
      "meta" : {
        "definition" : {
          "val" : "A fertility which is relatively low.",
          "xrefs" : [ "PATOC:GVG" ]
        },
        "subsets" : [ "http://purl.obolibrary.org/obo/pato#value_slim", "http://purl.obolibrary.org/obo/pato#disposition_slim" ],
        "synonyms" : [ {
          "pred" : "hasExactSynonym",
          "val" : "low fertility",
          "xrefs" : [ ]
        } ],
        "basicPropertyValues" : [ {
          "pred" : "http://www.geneontology.org/formats/oboInOwl#hasOBONamespace",
          "val" : "quality"
        }, {
          "pred" : "http://purl.obolibrary.org/obo/RO_0002604",
          "val" : "http://purl.obolibrary.org/obo/PATO_0001835"
        } ]
      },
      "type" : "CLASS",
      "lbl" : "decreased fertility"
    }, {
      "id" : "http://purl.obolibrary.org/obo/PATO_0000460",
      "meta" : {
        "definition" : {
          "val" : "A quality inhering in a bearer by virtue of the bearer's deviation from normal or average.",
          "xrefs" : [ "PATOC:GVG" ]
        },
        "subsets" : [ "http://purl.obolibrary.org/obo/pato#value_slim", "http://purl.obolibrary.org/obo/pato#abnormal_slim", "http://purl.obolibrary.org/obo/pato#mpath_slim" ],
        "synonyms" : [ {
          "pred" : "hasRelatedSynonym",
          "val" : "atypical",
          "xrefs" : [ ]
        }, {
          "pred" : "hasRelatedSynonym",
          "val" : "atypia",
          "xrefs" : [ ]
        }, {
          "pred" : "hasRelatedSynonym",
          "val" : "defective",
          "xrefs" : [ ]
        }, {
          "pred" : "hasRelatedSynonym",
          "val" : "aberrant",
          "xrefs" : [ ]
        } ],
        "basicPropertyValues" : [ {
          "pred" : "http://purl.obolibrary.org/obo/RO_0002604",
          "val" : "http://purl.obolibrary.org/obo/PATO_0000461"
        }, {
          "pred" : "http://www.geneontology.org/formats/oboInOwl#hasOBONamespace",
          "val" : "quality"
        } ]
      },
      "type" : "CLASS",
      "lbl" : "abnormal"
    }, {
      "id" : "http://purl.obolibrary.org/obo/PATO_0000141",
      "meta" : {
        "definition" : {
          "val" : "A morphology quality inhering in a bearer by virtue of the bearer's relative position, shape, arrangements and connectivity of an organism's various parts; the pattern underlying its form.",
          "xrefs" : [ "PATOC:GVG" ]
        },
        "subsets" : [ "http://purl.obolibrary.org/obo/pato#attribute_slim" ],
        "synonyms" : [ {
          "pred" : "hasExactSynonym",
          "val" : "relational structural quality",
          "xrefs" : [ ]
        }, {
          "pred" : "hasBroadSynonym",
          "val" : "conformation",
          "xrefs" : [ "VT:1000738" ]
        } ],
        "basicPropertyValues" : [ {
          "pred" : "http://www.geneontology.org/formats/oboInOwl#hasAlternativeId",
          "val" : "PATO:0001452"
        }, {
          "pred" : "http://www.geneontology.org/formats/oboInOwl#hasOBONamespace",
          "val" : "quality"
        } ]
      },
      "type" : "CLASS",
      "lbl" : "structure"
    }, {
      "id" : "http://www.geneontology.org/formats/oboInOwl#shorthand",
      "type" : "PROPERTY",
      "lbl" : "shorthand"
    }, {
      "id" : "http://purl.obolibrary.org/obo/PATO_0000140",
      "meta" : {
        "definition" : {
          "val" : "A spatial quality inhering in a bearer by virtue of the bearer's spatial location relative to other objects in the vicinity.",
          "xrefs" : [ "PATOC:GVG" ]
        },
        "subsets" : [ "http://purl.obolibrary.org/obo/pato#attribute_slim" ],
        "synonyms" : [ {
          "pred" : "hasExactSynonym",
          "val" : "placement",
          "xrefs" : [ ]
        }, {
          "pred" : "hasExactSynonym",
          "val" : "relational spatial quality",
          "xrefs" : [ ]
        }, {
          "pred" : "hasExactSynonym",
          "val" : "location",
          "xrefs" : [ ]
        } ],
        "basicPropertyValues" : [ {
          "pred" : "http://www.geneontology.org/formats/oboInOwl#hasAlternativeId",
          "val" : "PATO:0001631"
        }, {
          "pred" : "http://www.geneontology.org/formats/oboInOwl#hasOBONamespace",
          "val" : "quality"
        }, {
          "pred" : "http://www.geneontology.org/formats/oboInOwl#hasAlternativeId",
          "val" : "PATO:0001032"
        } ]
      },
      "type" : "CLASS",
      "lbl" : "position"
    }, {
      "id" : "http://purl.obolibrary.org/obo/PATO_0002124",
      "meta" : {
        "definition" : {
          "val" : "A quality inhering in a bearer by virtue of the bearer's processing the form of a thin plate sheet or layer.",
          "xrefs" : [ "PATOC:GVG" ]
        },
        "subsets" : [ "http://purl.obolibrary.org/obo/pato#value_slim", "http://purl.obolibrary.org/obo/pato#mpath_slim" ],
        "basicPropertyValues" : [ {
          "pred" : "http://www.geneontology.org/formats/oboInOwl#creation_date",
          "val" : "2009-10-06T04:37:14Z"
        }, {
          "pred" : "http://www.geneontology.org/formats/oboInOwl#created_by",
          "val" : "george"
        }, {
          "pred" : "http://www.geneontology.org/formats/oboInOwl#hasOBONamespace",
          "val" : "quality"
        } ]
      },
      "type" : "CLASS",
      "lbl" : "laminar"
    }, {
      "id" : "http://purl.obolibrary.org/obo/PATO_0001475",
      "meta" : {
        "definition" : {
          "val" : "A position which is relatively high.",
          "xrefs" : [ "PATOC:GVG" ]
        },
        "subsets" : [ "http://purl.obolibrary.org/obo/pato#value_slim" ],
        "synonyms" : [ {
          "pred" : "hasRelatedSynonym",
          "val" : "high position",
          "xrefs" : [ ]
        } ],
        "basicPropertyValues" : [ {
          "pred" : "http://www.geneontology.org/formats/oboInOwl#hasOBONamespace",
          "val" : "quality"
        }, {
          "pred" : "http://purl.obolibrary.org/obo/RO_0002604",
          "val" : "http://purl.obolibrary.org/obo/PATO_0001476"
        } ]
      },
      "type" : "CLASS",
      "lbl" : "increased position"
    }, {
      "id" : "http://purl.obolibrary.org/obo/PATO_0002003",
      "meta" : {
        "definition" : {
          "val" : "A quality that inheres in an entire population or part of a population.",
          "xrefs" : [ "PATOC:GVG" ]
        },
        "subsets" : [ "http://purl.obolibrary.org/obo/pato#attribute_slim" ],
        "basicPropertyValues" : [ {
          "pred" : "http://www.geneontology.org/formats/oboInOwl#hasOBONamespace",
          "val" : "quality"
        } ]
      },
      "type" : "CLASS",
      "lbl" : "population quality"
    }, {
      "id" : "http://purl.obolibrary.org/obo/PATO_0000461",
      "meta" : {
        "definition" : {
          "val" : "A quality inhering in a bearer by virtue of the bearer's exhibiting no deviation from normal or average.",
          "xrefs" : [ "PATOC:GVG" ]
        },
        "subsets" : [ "http://purl.obolibrary.org/obo/pato#mpath_slim", "http://purl.obolibrary.org/obo/pato#value_slim", "http://purl.obolibrary.org/obo/pato#abnormal_slim" ],
        "synonyms" : [ {
          "pred" : "hasRelatedSynonym",
          "val" : "average",
          "xrefs" : [ ]
        } ],
        "basicPropertyValues" : [ {
          "pred" : "http://purl.obolibrary.org/obo/RO_0002604",
          "val" : "http://purl.obolibrary.org/obo/PATO_0000460"
        }, {
          "pred" : "http://www.geneontology.org/formats/oboInOwl#hasOBONamespace",
          "val" : "quality"
        } ]
      },
      "type" : "CLASS",
      "lbl" : "normal"
    }, {
      "id" : "http://purl.obolibrary.org/obo/PATO_0001476",
      "meta" : {
        "definition" : {
          "val" : "A positional which is relatively low.",
          "xrefs" : [ "PATOC:GVG" ]
        },
        "subsets" : [ "http://purl.obolibrary.org/obo/pato#value_slim" ],
        "synonyms" : [ {
          "pred" : "hasRelatedSynonym",
          "val" : "low position",
          "xrefs" : [ ]
        } ],
        "basicPropertyValues" : [ {
          "pred" : "http://www.geneontology.org/formats/oboInOwl#hasOBONamespace",
          "val" : "quality"
        }, {
          "pred" : "http://purl.obolibrary.org/obo/RO_0002604",
          "val" : "http://purl.obolibrary.org/obo/PATO_0001475"
        } ]
      },
      "type" : "CLASS",
      "lbl" : "decreased position"
    }, {
      "id" : "http://purl.obolibrary.org/obo/PATO_0001432",
      "meta" : {
        "definition" : {
          "val" : "A quality inhering in a bearer by virtue of the bearer's decomposition into component parts.",
          "xrefs" : [ "Medical-dictionary:Medical-dictionary" ]
        },
        "subsets" : [ "http://purl.obolibrary.org/obo/pato#value_slim" ],
        "basicPropertyValues" : [ {
          "pred" : "http://www.geneontology.org/formats/oboInOwl#hasOBONamespace",
          "val" : "quality"
        } ]
      },
      "type" : "CLASS",
      "lbl" : "decayed"
    }, {
      "id" : "http://purl.obolibrary.org/obo/PATO_0000068",
      "meta" : {
        "basicPropertyValues" : [ {
          "pred" : "http://www.geneontology.org/formats/oboInOwl#hasOBONamespace",
          "val" : "quality"
        }, {
          "pred" : "http://www.w3.org/2000/01/rdf-schema#comment",
          "val" : "TODO: define this or obsolete it and move children somewhere else."
        } ]
      },
      "type" : "CLASS",
      "lbl" : "qualitative"
    }, {
      "id" : "http://purl.obolibrary.org/obo/PATO_0001154",
      "meta" : {
        "definition" : {
          "val" : "A quality inhering in a bearer by virtue of the bearer's length being notably higher than its width.",
          "xrefs" : [ "WordNet:WordNet" ]
        },
        "subsets" : [ "http://purl.obolibrary.org/obo/pato#value_slim" ],
        "basicPropertyValues" : [ {
          "pred" : "http://www.geneontology.org/formats/oboInOwl#hasOBONamespace",
          "val" : "quality"
        }, {
          "pred" : "http://purl.obolibrary.org/obo/RO_0002604",
          "val" : "http://purl.obolibrary.org/obo/PATO_0002364"
        } ]
      },
      "type" : "CLASS",
      "lbl" : "elongated"
    }, {
      "id" : "http://purl.obolibrary.org/obo/PATO_0000387",
      "meta" : {
        "definition" : {
          "val" : "A hardness quality of giving little resistance to pressure.",
          "xrefs" : [ "PATOC:GVG" ]
        },
        "subsets" : [ "http://purl.obolibrary.org/obo/pato#disposition_slim", "http://purl.obolibrary.org/obo/pato#value_slim", "http://purl.obolibrary.org/obo/pato#mpath_slim" ],
        "basicPropertyValues" : [ {
          "pred" : "http://www.geneontology.org/formats/oboInOwl#hasOBONamespace",
          "val" : "quality"
        }, {
          "pred" : "http://purl.obolibrary.org/obo/RO_0002604",
          "val" : "http://purl.obolibrary.org/obo/PATO_0000386"
        } ]
      },
      "type" : "CLASS",
      "lbl" : "soft"
    }, {
      "id" : "http://purl.obolibrary.org/obo/PATO_0000386",
      "meta" : {
        "definition" : {
          "val" : "A hardness quality of being rigid and resistant to pressure.",
          "xrefs" : [ "PATOC:GVG" ]
        },
        "subsets" : [ "http://purl.obolibrary.org/obo/pato#disposition_slim", "http://purl.obolibrary.org/obo/pato#value_slim", "http://purl.obolibrary.org/obo/pato#mpath_slim" ],
        "synonyms" : [ {
          "pred" : "hasRelatedSynonym",
          "val" : "tough",
          "xrefs" : [ ]
        }, {
          "pred" : "hasRelatedSynonym",
          "val" : "impenetrable",
          "xrefs" : [ ]
        }, {
          "pred" : "hasRelatedSynonym",
          "val" : "firm",
          "xrefs" : [ ]
        } ],
        "basicPropertyValues" : [ {
          "pred" : "http://www.geneontology.org/formats/oboInOwl#hasOBONamespace",
          "val" : "quality"
        }, {
          "pred" : "http://purl.obolibrary.org/obo/RO_0002604",
          "val" : "http://purl.obolibrary.org/obo/PATO_0000387"
        } ]
      },
      "type" : "CLASS",
      "lbl" : "hard"
    }, {
      "id" : "http://purl.obolibrary.org/obo/pato#increased_in_magnitude_relative_to",
      "meta" : {
        "definition" : {
          "val" : "q1 increased_in_magnitude_relative_to q2 if and only if magnitude(q1) > magnitude(q2). Here, magnitude(q) is a function that maps a quality to a unit-invariant scale.",
          "xrefs" : [ "PATOC:CJM" ]
        },
        "basicPropertyValues" : [ {
          "pred" : "http://www.geneontology.org/formats/oboInOwl#hasOBONamespace",
          "val" : "quality"
        }, {
          "pred" : "http://www.w3.org/2000/01/rdf-schema#comment",
          "val" : "This relation is used to determine the 'directionality' of relative qualities such as 'increased strength', relative to the parent type, 'strength'."
        } ]
      },
      "type" : "PROPERTY",
      "lbl" : "increased_in_magnitude_relative_to"
    }, {
      "id" : "http://purl.obolibrary.org/obo/PATO_0000957",
      "meta" : {
        "definition" : {
          "val" : "An optical quality which obtains by virtue of the ability of the bearer to absorb visible light.",
          "xrefs" : [ "PATOC:GVG" ]
        },
        "subsets" : [ "http://purl.obolibrary.org/obo/pato#attribute_slim" ],
        "basicPropertyValues" : [ {
          "pred" : "http://www.geneontology.org/formats/oboInOwl#hasOBONamespace",
          "val" : "quality"
        } ]
      },
      "type" : "CLASS",
      "lbl" : "opacity"
    }, {
      "id" : "http://purl.obolibrary.org/obo/IAO_0100001",
      "type" : "PROPERTY",
      "lbl" : "term replaced by"
    }, {
      "id" : "http://purl.obolibrary.org/obo/PATO_0000719",
      "meta" : {
        "definition" : {
          "val" : "A viability quality inhering in a bearer or a population by virtue of the bearer's ability to survive or the long term survival ability of a given population.",
          "xrefs" : [ "PATOC:GVG" ]
        },
        "subsets" : [ "http://purl.obolibrary.org/obo/pato#value_slim", "http://purl.obolibrary.org/obo/pato#disposition_slim" ],
        "basicPropertyValues" : [ {
          "pred" : "http://www.geneontology.org/formats/oboInOwl#hasOBONamespace",
          "val" : "quality"
        } ]
      },
      "type" : "CLASS",
      "lbl" : "viable"
    }, {
      "id" : "http://purl.obolibrary.org/obo/PATO_0001688",
      "meta" : {
        "definition" : {
          "val" : "An elevation which is relatively high.",
          "xrefs" : [ "PATOC:GVG" ]
        },
        "subsets" : [ "http://purl.obolibrary.org/obo/pato#value_slim" ],
        "synonyms" : [ {
          "pred" : "hasRelatedSynonym",
          "val" : "elevated",
          "xrefs" : [ ]
        }, {
          "pred" : "hasExactSynonym",
          "val" : "high elevation",
          "xrefs" : [ ]
        } ],
        "basicPropertyValues" : [ {
          "pred" : "http://www.geneontology.org/formats/oboInOwl#hasOBONamespace",
          "val" : "quality"
        }, {
          "pred" : "http://purl.obolibrary.org/obo/RO_0002604",
          "val" : "http://purl.obolibrary.org/obo/PATO_0001689"
        } ]
      },
      "type" : "CLASS",
      "lbl" : "increased elevation"
    }, {
      "id" : "http://purl.obolibrary.org/obo/PATO_0001689",
      "meta" : {
        "definition" : {
          "val" : "An elevation which is relatively low.",
          "xrefs" : [ "PATOC:GVG" ]
        },
        "subsets" : [ "http://purl.obolibrary.org/obo/pato#value_slim" ],
        "synonyms" : [ {
          "pred" : "hasExactSynonym",
          "val" : "low elevation",
          "xrefs" : [ ]
        } ],
        "basicPropertyValues" : [ {
          "pred" : "http://www.geneontology.org/formats/oboInOwl#hasOBONamespace",
          "val" : "quality"
        }, {
          "pred" : "http://purl.obolibrary.org/obo/RO_0002604",
          "val" : "http://purl.obolibrary.org/obo/PATO_0001688"
        } ]
      },
      "type" : "CLASS",
      "lbl" : "decreased elevation"
    }, {
      "id" : "http://purl.obolibrary.org/obo/PATO_0001687",
      "meta" : {
        "definition" : {
          "val" : "A positional quality inhering in a bearer by virtue of the bearer's vertical distance of a point above or below a reference surface.",
          "xrefs" : [ "Trailillustrated:Trailillustrated" ]
        },
        "subsets" : [ "http://purl.obolibrary.org/obo/pato#attribute_slim" ],
        "basicPropertyValues" : [ {
          "pred" : "http://www.geneontology.org/formats/oboInOwl#hasOBONamespace",
          "val" : "quality"
        } ]
      },
      "type" : "CLASS",
      "lbl" : "elevation"
    }, {
      "id" : "http://purl.obolibrary.org/obo/pato#different_in_magnitude_relative_to",
      "meta" : {
        "definition" : {
          "val" : "q1 different_in_magnitude_relative_to q2 if and only if magnitude(q1) NOT =~ magnitude(q2). Here, magnitude(q) is a function that maps a quality to a unit-invariant scale.",
          "xrefs" : [ "PATOC:CJM" ]
        },
        "basicPropertyValues" : [ {
          "pred" : "http://www.geneontology.org/formats/oboInOwl#hasOBONamespace",
          "val" : "quality"
        } ]
      },
      "type" : "PROPERTY",
      "lbl" : "different_in_magnitude_relative_to"
    }, {
      "id" : "http://purl.obolibrary.org/obo/PATO_0000117",
      "meta" : {
        "definition" : {
          "val" : "A morphology quality inhering in a bearer by virtue of the bearer's physical magnitude.",
          "xrefs" : [ "WordNet:WordNet" ]
        },
        "subsets" : [ "http://purl.obolibrary.org/obo/pato#attribute_slim", "http://purl.obolibrary.org/obo/pato#scalar_slim" ],
        "basicPropertyValues" : [ {
          "pred" : "http://www.geneontology.org/formats/oboInOwl#hasOBONamespace",
          "val" : "quality"
        } ]
      },
      "type" : "CLASS",
      "lbl" : "size"
    }, {
      "id" : "http://purl.obolibrary.org/obo/PATO_0000956",
      "meta" : {
        "definition" : {
          "val" : "A fertility quality inhering in a bearer by virtue of the bearer's being incapable of initiating, sustaining, or supporting reproduction.",
          "xrefs" : [ "PATOC:GVG" ]
        },
        "subsets" : [ "http://purl.obolibrary.org/obo/pato#disposition_slim", "http://purl.obolibrary.org/obo/pato#value_slim" ],
        "basicPropertyValues" : [ {
          "pred" : "http://purl.obolibrary.org/obo/RO_0002604",
          "val" : "http://purl.obolibrary.org/obo/PATO_0000955"
        }, {
          "pred" : "http://www.geneontology.org/formats/oboInOwl#hasOBONamespace",
          "val" : "quality"
        } ]
      },
      "type" : "CLASS",
      "lbl" : "sterile"
    }, {
      "id" : "http://purl.obolibrary.org/obo/PATO_0000955",
      "meta" : {
        "definition" : {
          "val" : "A fertility quality inhering in a bearer by virtue of the bearer's being capable of initiating, sustaining, or supporting reproduction.",
          "xrefs" : [ "PATOC:GVG" ]
        },
        "subsets" : [ "http://purl.obolibrary.org/obo/pato#disposition_slim", "http://purl.obolibrary.org/obo/pato#value_slim" ],
        "basicPropertyValues" : [ {
          "pred" : "http://purl.obolibrary.org/obo/RO_0002604",
          "val" : "http://purl.obolibrary.org/obo/PATO_0000956"
        }, {
          "pred" : "http://www.geneontology.org/formats/oboInOwl#hasOBONamespace",
          "val" : "quality"
        } ]
      },
      "type" : "CLASS",
      "lbl" : "fertile"
    }, {
      "id" : "http://purl.obolibrary.org/obo/PATO_0001241",
      "meta" : {
        "definition" : {
          "val" : "A quality which inheres in a continuant.",
          "xrefs" : [ "PATOC:GVG" ]
        },
        "xrefs" : [ {
          "val" : "snap:Quality"
        } ],
        "synonyms" : [ {
          "pred" : "hasExactSynonym",
          "val" : "quality of a single physical entity",
          "xrefs" : [ ]
        }, {
          "pred" : "hasExactSynonym",
          "val" : "monadic quality of a continuant",
          "xrefs" : [ ]
        }, {
          "pred" : "hasExactSynonym",
          "val" : "quality of continuant",
          "xrefs" : [ ]
        }, {
          "pred" : "hasNarrowSynonym",
          "val" : "monadic quality of an object",
          "xrefs" : [ ]
        }, {
          "pred" : "hasExactSynonym",
          "val" : "quality of an object",
          "xrefs" : [ ]
        }, {
          "pred" : "hasExactSynonym",
          "val" : "multiply inhering quality of a physical entity",
          "xrefs" : [ ]
        }, {
          "pred" : "hasExactSynonym",
          "val" : "quality of a continuant",
          "xrefs" : [ ]
        }, {
          "pred" : "hasNarrowSynonym",
          "val" : "monadic quality of continuant",
          "xrefs" : [ ]
        } ],
        "basicPropertyValues" : [ {
          "pred" : "http://www.geneontology.org/formats/oboInOwl#hasOBONamespace",
          "val" : "quality"
        }, {
          "pred" : "http://www.geneontology.org/formats/oboInOwl#hasAlternativeId",
          "val" : "PATO:0001237"
        }, {
          "pred" : "http://www.geneontology.org/formats/oboInOwl#hasAlternativeId",
          "val" : "PATO:0001238"
        }, {
          "pred" : "http://www.w3.org/2000/01/rdf-schema#comment",
          "val" : "Relational qualities are qualities that hold between multiple entities. Normal (monadic) qualities such as the shape of a eyeball exist purely as a quality of that eyeball. A relational quality such as sensitivity to light is a quality of that eyeball (and connecting nervous system) as it relates to incoming light waves/particles."
        } ]
      },
      "type" : "CLASS",
      "lbl" : "physical object quality"
    }, {
      "id" : "http://purl.obolibrary.org/obo/PATO_0001481",
      "meta" : {
        "definition" : {
          "val" : "A shape quality inhering in a bearer by virtue of the bearer's having an oblique or slanted direction.",
          "xrefs" : [ "WordNet:WordNet" ]
        },
        "subsets" : [ "http://purl.obolibrary.org/obo/pato#value_slim" ],
        "basicPropertyValues" : [ {
          "pred" : "http://www.geneontology.org/formats/oboInOwl#hasOBONamespace",
          "val" : "quality"
        } ]
      },
      "type" : "CLASS",
      "lbl" : "sloped"
    }, {
      "id" : "http://purl.obolibrary.org/obo/PATO_0000033",
      "meta" : {
        "definition" : {
          "val" : "A quality inhering in a substance by virtue of the amount of the bearer's there is mixed with another substance.",
          "xrefs" : [ "Wikipedia:http://en.wikipedia.org/wiki/concentration" ]
        },
        "subsets" : [ "http://purl.obolibrary.org/obo/pato#attribute_slim", "http://purl.obolibrary.org/obo/pato#relational_slim", "http://purl.obolibrary.org/obo/pato#scalar_slim" ],
        "synonyms" : [ {
          "pred" : "hasExactSynonym",
          "val" : "concentration",
          "xrefs" : [ ]
        } ],
        "basicPropertyValues" : [ {
          "pred" : "http://www.geneontology.org/formats/oboInOwl#hasOBONamespace",
          "val" : "quality"
        } ]
      },
      "type" : "CLASS",
      "lbl" : "concentration of"
    }, {
      "id" : "http://purl.obolibrary.org/obo/PATO_0000274",
      "meta" : {
        "definition" : {
          "val" : "A reproductive quality inhering in a bearer by virtue of the bearer's initiating, sustaining, or supporting reproduction.",
          "xrefs" : [ "PATOC:GVG" ]
        },
        "subsets" : [ "http://purl.obolibrary.org/obo/pato#disposition_slim", "http://purl.obolibrary.org/obo/pato#attribute_slim" ],
        "basicPropertyValues" : [ {
          "pred" : "http://www.geneontology.org/formats/oboInOwl#hasOBONamespace",
          "val" : "quality"
        } ]
      },
      "type" : "CLASS",
      "lbl" : "fertility"
    } ],
    "edges" : [ {
      "sub" : "http://purl.obolibrary.org/obo/PATO_0002301",
      "pred" : "is_a",
      "obj" : "http://purl.obolibrary.org/obo/PATO_0000069"
    }, {
      "sub" : "http://purl.obolibrary.org/obo/PATO_0000387",
      "pred" : "is_a",
      "obj" : "http://purl.obolibrary.org/obo/PATO_0000048"
    }, {
      "sub" : "http://purl.obolibrary.org/obo/PATO_0000069",
      "pred" : "is_a",
      "obj" : "http://purl.obolibrary.org/obo/PATO_0000068"
    }, {
      "sub" : "http://purl.obolibrary.org/obo/PATO_0002303",
      "pred" : "is_a",
      "obj" : "http://purl.obolibrary.org/obo/PATO_0002301"
    }, {
      "sub" : "http://purl.obolibrary.org/obo/PATO_0000141",
      "pred" : "is_a",
      "obj" : "http://purl.obolibrary.org/obo/PATO_0000051"
    }, {
      "sub" : "http://purl.obolibrary.org/obo/PATO_0000587",
      "pred" : "is_a",
      "obj" : "http://purl.obolibrary.org/obo/PATO_0000117"
    }, {
      "sub" : "http://purl.obolibrary.org/obo/PATO_0000963",
      "pred" : "is_a",
      "obj" : "http://purl.obolibrary.org/obo/PATO_0000957"
    }, {
      "sub" : "http://purl.obolibrary.org/obo/PATO_0000460",
      "pred" : "is_a",
      "obj" : "http://purl.obolibrary.org/obo/PATO_0000069"
    }, {
      "sub" : "http://purl.obolibrary.org/obo/PATO_0001655",
      "pred" : "is_a",
      "obj" : "http://purl.obolibrary.org/obo/PATO_0000033"
    }, {
      "sub" : "http://purl.obolibrary.org/obo/PATO_0001995",
      "pred" : "is_a",
      "obj" : "http://purl.obolibrary.org/obo/PATO_0001241"
    }, {
      "sub" : "http://purl.obolibrary.org/obo/PATO_0002300",
      "pred" : "is_a",
      "obj" : "http://purl.obolibrary.org/obo/PATO_0000069"
    }, {
      "sub" : "http://purl.obolibrary.org/obo/PATO_0001241",
      "pred" : "is_a",
      "obj" : "http://purl.obolibrary.org/obo/PATO_0000001"
    }, {
      "sub" : "http://purl.obolibrary.org/obo/PATO_0000146",
      "pred" : "is_a",
      "obj" : "http://purl.obolibrary.org/obo/PATO_0001018"
    }, {
      "sub" : "http://purl.obolibrary.org/obo/PATO_0000957",
      "pred" : "is_a",
      "obj" : "http://purl.obolibrary.org/obo/PATO_0001300"
    }, {
      "sub" : "http://purl.obolibrary.org/obo/PATO_0000461",
      "pred" : "is_a",
      "obj" : "http://purl.obolibrary.org/obo/PATO_0000069"
    }, {
      "sub" : "http://purl.obolibrary.org/obo/PATO_0002182",
      "pred" : "is_a",
      "obj" : "http://purl.obolibrary.org/obo/PATO_0001241"
    }, {
      "sub" : "http://purl.obolibrary.org/obo/PATO_0000955",
      "pred" : "is_a",
      "obj" : "http://purl.obolibrary.org/obo/PATO_0000274"
    }, {
      "sub" : "http://purl.obolibrary.org/obo/PATO_0000387",
      "pred" : "is_a",
      "obj" : "http://purl.obolibrary.org/obo/PATO_0002303"
    }, {
      "sub" : "http://purl.obolibrary.org/obo/PATO_0001306",
      "pred" : "is_a",
      "obj" : "http://purl.obolibrary.org/obo/PATO_0002303"
    }, {
      "sub" : "http://purl.obolibrary.org/obo/PATO_0000984",
      "pred" : "is_a",
      "obj" : "http://purl.obolibrary.org/obo/PATO_0000973"
    }, {
      "sub" : "http://purl.obolibrary.org/obo/PATO_0001985",
      "pred" : "is_a",
      "obj" : "http://purl.obolibrary.org/obo/PATO_0000146"
    }, {
      "sub" : "http://purl.obolibrary.org/obo/PATO_0000386",
      "pred" : "is_a",
      "obj" : "http://purl.obolibrary.org/obo/PATO_0000048"
    }, {
      "sub" : "http://purl.obolibrary.org/obo/PATO_0001689",
      "pred" : "is_a",
      "obj" : "http://purl.obolibrary.org/obo/PATO_0001476"
    }, {
      "sub" : "http://purl.obolibrary.org/obo/PATO_0000052",
      "pred" : "is_a",
      "obj" : "http://purl.obolibrary.org/obo/PATO_0000051"
    }, {
      "sub" : "http://purl.obolibrary.org/obo/PATO_0000586",
      "pred" : "is_a",
      "obj" : "http://purl.obolibrary.org/obo/PATO_0002305"
    }, {
      "sub" : "http://purl.obolibrary.org/obo/PATO_0002300",
      "pred" : "http://purl.obolibrary.org/obo/pato#increased_in_magnitude_relative_to",
      "obj" : "http://purl.obolibrary.org/obo/PATO_0000461"
    }, {
      "sub" : "http://purl.obolibrary.org/obo/PATO_0000586",
      "pred" : "is_a",
      "obj" : "http://purl.obolibrary.org/obo/PATO_0000117"
    }, {
      "sub" : "http://purl.obolibrary.org/obo/PATO_0000068",
      "pred" : "is_a",
      "obj" : "http://purl.obolibrary.org/obo/PATO_0000001"
    }, {
      "sub" : "http://purl.obolibrary.org/obo/PATO_0001687",
      "pred" : "is_a",
      "obj" : "http://purl.obolibrary.org/obo/PATO_0000140"
    }, {
      "sub" : "http://purl.obolibrary.org/obo/PATO_0002305",
      "pred" : "is_a",
      "obj" : "http://purl.obolibrary.org/obo/PATO_0002300"
    }, {
      "sub" : "http://purl.obolibrary.org/obo/PATO_0002181",
      "pred" : "is_a",
      "obj" : "http://purl.obolibrary.org/obo/PATO_0000140"
    }, {
      "sub" : "http://purl.obolibrary.org/obo/PATO_0000048",
      "pred" : "is_a",
      "obj" : "http://purl.obolibrary.org/obo/PATO_0001546"
    }, {
      "sub" : "http://purl.obolibrary.org/obo/PATO_0015024",
      "pred" : "is_a",
      "obj" : "http://purl.obolibrary.org/obo/PATO_0000973"
    }, {
      "sub" : "http://purl.obolibrary.org/obo/PATO_0001305",
      "pred" : "is_a",
      "obj" : "http://purl.obolibrary.org/obo/PATO_0002305"
    }, {
      "sub" : "http://purl.obolibrary.org/obo/PATO_0000386",
      "pred" : "is_a",
      "obj" : "http://purl.obolibrary.org/obo/PATO_0002305"
    }, {
      "sub" : "http://purl.obolibrary.org/obo/PATO_0001688",
      "pred" : "is_a",
      "obj" : "http://purl.obolibrary.org/obo/PATO_0001475"
    }, {
      "sub" : "http://purl.obolibrary.org/obo/PATO_0002303",
      "pred" : "is_a",
      "obj" : "http://purl.obolibrary.org/obo/PATO_0001241"
    }, {
      "sub" : "http://purl.obolibrary.org/obo/PATO_0001657",
      "pred" : "is_a",
      "obj" : "http://purl.obolibrary.org/obo/PATO_0001655"
    }, {
      "sub" : "http://purl.obolibrary.org/obo/PATO_0002198",
      "pred" : "is_a",
      "obj" : "http://purl.obolibrary.org/obo/PATO_0001018"
    }, {
      "sub" : "http://purl.obolibrary.org/obo/PATO_0001656",
      "pred" : "is_a",
      "obj" : "http://purl.obolibrary.org/obo/PATO_0002303"
    }, {
      "sub" : "http://purl.obolibrary.org/obo/PATO_0001657",
      "pred" : "is_a",
      "obj" : "http://purl.obolibrary.org/obo/PATO_0002305"
    }, {
      "sub" : "http://purl.obolibrary.org/obo/PATO_0000169",
      "pred" : "is_a",
      "obj" : "http://purl.obolibrary.org/obo/PATO_0001995"
    }, {
      "sub" : "http://purl.obolibrary.org/obo/PATO_0001154",
      "pred" : "is_a",
      "obj" : "http://purl.obolibrary.org/obo/PATO_0000052"
    }, {
      "sub" : "http://purl.obolibrary.org/obo/PATO_0001422",
      "pred" : "is_a",
      "obj" : "http://purl.obolibrary.org/obo/PATO_0000169"
    }, {
      "sub" : "http://purl.obolibrary.org/obo/PATO_0001656",
      "pred" : "is_a",
      "obj" : "http://purl.obolibrary.org/obo/PATO_0001655"
    }, {
      "sub" : "http://purl.obolibrary.org/obo/PATO_0001835",
      "pred" : "is_a",
      "obj" : "http://purl.obolibrary.org/obo/PATO_0000955"
    }, {
      "sub" : "http://purl.obolibrary.org/obo/PATO_0000051",
      "pred" : "is_a",
      "obj" : "http://purl.obolibrary.org/obo/PATO_0001241"
    }, {
      "sub" : "http://purl.obolibrary.org/obo/PATO_0001421",
      "pred" : "is_a",
      "obj" : "http://purl.obolibrary.org/obo/PATO_0000169"
    }, {
      "sub" : "http://purl.obolibrary.org/obo/PATO_0002301",
      "pred" : "http://purl.obolibrary.org/obo/pato#decreased_in_magnitude_relative_to",
      "obj" : "http://purl.obolibrary.org/obo/PATO_0000461"
    }, {
      "sub" : "http://purl.obolibrary.org/obo/PATO_0000274",
      "pred" : "is_a",
      "obj" : "http://purl.obolibrary.org/obo/PATO_0001434"
    }, {
      "sub" : "http://purl.obolibrary.org/obo/PATO_0001689",
      "pred" : "is_a",
      "obj" : "http://purl.obolibrary.org/obo/PATO_0001687"
    }, {
      "sub" : "http://purl.obolibrary.org/obo/PATO_0000117",
      "pred" : "is_a",
      "obj" : "http://purl.obolibrary.org/obo/PATO_0000051"
    }, {
      "sub" : "http://purl.obolibrary.org/obo/PATO_0001476",
      "pred" : "is_a",
      "obj" : "http://purl.obolibrary.org/obo/PATO_0000140"
    }, {
      "sub" : "http://purl.obolibrary.org/obo/PATO_0001432",
      "pred" : "is_a",
      "obj" : "http://purl.obolibrary.org/obo/PATO_0000169"
    }, {
      "sub" : "http://purl.obolibrary.org/obo/PATO_0002305",
      "pred" : "is_a",
      "obj" : "http://purl.obolibrary.org/obo/PATO_0001241"
    }, {
      "sub" : "http://purl.obolibrary.org/obo/PATO_0015025",
      "pred" : "is_a",
      "obj" : "http://purl.obolibrary.org/obo/PATO_0000973"
    }, {
      "sub" : "http://purl.obolibrary.org/obo/PATO_0001688",
      "pred" : "is_a",
      "obj" : "http://purl.obolibrary.org/obo/PATO_0001687"
    }, {
      "sub" : "http://purl.obolibrary.org/obo/PATO_0000140",
      "pred" : "is_a",
      "obj" : "http://purl.obolibrary.org/obo/PATO_0001018"
    }, {
      "sub" : "http://purl.obolibrary.org/obo/PATO_0001475",
      "pred" : "is_a",
      "obj" : "http://purl.obolibrary.org/obo/PATO_0000140"
    }, {
      "sub" : "http://purl.obolibrary.org/obo/PATO_0001834",
      "pred" : "is_a",
      "obj" : "http://purl.obolibrary.org/obo/PATO_0000955"
    }, {
      "sub" : "http://purl.obolibrary.org/obo/pato#decreased_in_magnitude_relative_to",
      "pred" : "subPropertyOf",
      "obj" : "http://purl.obolibrary.org/obo/pato#different_in_magnitude_relative_to"
    }, {
      "sub" : "http://purl.obolibrary.org/obo/PATO_0001548",
      "pred" : "is_a",
      "obj" : "http://purl.obolibrary.org/obo/PATO_0002198"
    }, {
      "sub" : "http://purl.obolibrary.org/obo/PATO_0001770",
      "pred" : "is_a",
      "obj" : "http://purl.obolibrary.org/obo/PATO_0000169"
    }, {
      "sub" : "http://purl.obolibrary.org/obo/PATO_0001434",
      "pred" : "is_a",
      "obj" : "http://purl.obolibrary.org/obo/PATO_0001995"
    }, {
      "sub" : "http://purl.obolibrary.org/obo/PATO_0001739",
      "pred" : "is_a",
      "obj" : "http://purl.obolibrary.org/obo/PATO_0001018"
    }, {
      "sub" : "http://purl.obolibrary.org/obo/PATO_0002143",
      "pred" : "is_a",
      "obj" : "http://purl.obolibrary.org/obo/PATO_0001481"
    }, {
      "sub" : "http://purl.obolibrary.org/obo/PATO_0000033",
      "pred" : "is_a",
      "obj" : "http://purl.obolibrary.org/obo/PATO_0002182"
    }, {
      "sub" : "http://purl.obolibrary.org/obo/PATO_0000970",
      "pred" : "is_a",
      "obj" : "http://purl.obolibrary.org/obo/PATO_0000141"
    }, {
      "sub" : "http://purl.obolibrary.org/obo/PATO_0001547",
      "pred" : "is_a",
      "obj" : "http://purl.obolibrary.org/obo/PATO_0002198"
    }, {
      "sub" : "http://purl.obolibrary.org/obo/PATO_0015024",
      "pred" : "is_a",
      "obj" : "http://purl.obolibrary.org/obo/PATO_0002305"
    }, {
      "sub" : "http://purl.obolibrary.org/obo/PATO_0001497",
      "pred" : "is_a",
      "obj" : "http://purl.obolibrary.org/obo/PATO_0000169"
    }, {
      "sub" : "http://purl.obolibrary.org/obo/PATO_0001476",
      "pred" : "is_a",
      "obj" : "http://purl.obolibrary.org/obo/PATO_0002303"
    }, {
      "sub" : "http://purl.obolibrary.org/obo/PATO_0001546",
      "pred" : "is_a",
      "obj" : "http://purl.obolibrary.org/obo/PATO_0002198"
    }, {
      "sub" : "http://purl.obolibrary.org/obo/PATO_0001481",
      "pred" : "is_a",
      "obj" : "http://purl.obolibrary.org/obo/PATO_0000052"
    }, {
      "sub" : "http://purl.obolibrary.org/obo/PATO_0002124",
      "pred" : "is_a",
      "obj" : "http://purl.obolibrary.org/obo/PATO_0000141"
    }, {
      "sub" : "http://purl.obolibrary.org/obo/PATO_0001018",
      "pred" : "is_a",
      "obj" : "http://purl.obolibrary.org/obo/PATO_0001241"
    }, {
      "sub" : "http://purl.obolibrary.org/obo/PATO_0000973",
      "pred" : "is_a",
      "obj" : "http://purl.obolibrary.org/obo/PATO_0000970"
    }, {
      "sub" : "http://purl.obolibrary.org/obo/PATO_0000719",
      "pred" : "is_a",
      "obj" : "http://purl.obolibrary.org/obo/PATO_0000169"
    }, {
      "sub" : "http://purl.obolibrary.org/obo/PATO_0015025",
      "pred" : "is_a",
      "obj" : "http://purl.obolibrary.org/obo/PATO_0002303"
    }, {
      "sub" : "http://purl.obolibrary.org/obo/PATO_0001759",
      "pred" : "is_a",
      "obj" : "http://purl.obolibrary.org/obo/PATO_0000025"
    }, {
      "sub" : "http://purl.obolibrary.org/obo/PATO_0000587",
      "pred" : "is_a",
      "obj" : "http://purl.obolibrary.org/obo/PATO_0002303"
    }, {
      "sub" : "http://purl.obolibrary.org/obo/PATO_0000956",
      "pred" : "is_a",
      "obj" : "http://purl.obolibrary.org/obo/PATO_0000274"
    }, {
      "sub" : "http://purl.obolibrary.org/obo/PATO_0001475",
      "pred" : "is_a",
      "obj" : "http://purl.obolibrary.org/obo/PATO_0002305"
    }, {
      "sub" : "http://purl.obolibrary.org/obo/PATO_0001305",
      "pred" : "is_a",
      "obj" : "http://purl.obolibrary.org/obo/PATO_0000146"
    }, {
      "sub" : "http://purl.obolibrary.org/obo/PATO_0000025",
      "pred" : "is_a",
      "obj" : "http://purl.obolibrary.org/obo/PATO_0000141"
    }, {
      "sub" : "http://purl.obolibrary.org/obo/PATO_0001306",
      "pred" : "is_a",
      "obj" : "http://purl.obolibrary.org/obo/PATO_0000146"
    }, {
      "sub" : "http://purl.obolibrary.org/obo/PATO_0001835",
      "pred" : "is_a",
      "obj" : "http://purl.obolibrary.org/obo/PATO_0002305"
    }, {
      "sub" : "http://purl.obolibrary.org/obo/PATO_0001834",
      "pred" : "is_a",
      "obj" : "http://purl.obolibrary.org/obo/PATO_0002303"
    }, {
      "sub" : "http://purl.obolibrary.org/obo/PATO_0001291",
      "pred" : "is_a",
      "obj" : "http://purl.obolibrary.org/obo/PATO_0001739"
    }, {
      "sub" : "http://purl.obolibrary.org/obo/PATO_0001300",
      "pred" : "is_a",
      "obj" : "http://purl.obolibrary.org/obo/PATO_0001291"
    }, {
      "sub" : "http://purl.obolibrary.org/obo/PATO_0002003",
      "pred" : "is_a",
      "obj" : "http://purl.obolibrary.org/obo/PATO_0001241"
    }, {
      "sub" : "http://purl.obolibrary.org/obo/pato#increased_in_magnitude_relative_to",
      "pred" : "subPropertyOf",
      "obj" : "http://purl.obolibrary.org/obo/pato#different_in_magnitude_relative_to"
    } ],
    "id" : "http://purl.obolibrary.org/obo/ecocore/imports/pato_import.owl",
    "meta" : {
      "subsets" : [ ],
      "xrefs" : [ ],
      "basicPropertyValues" : [ ],
      "version" : "http://purl.obolibrary.org/obo/ecocore/releases/2019-02-21/imports/pato_import.owl"
    },
    "equivalentNodesSets" : [ ],
    "logicalDefinitionAxioms" : [ {
      "definedClassId" : "http://purl.obolibrary.org/obo/PATO_0000586",
      "genusIds" : [ "http://purl.obolibrary.org/obo/PATO_0000117" ],
      "restrictions" : [ {
        "propertyId" : "http://purl.obolibrary.org/obo/pato#increased_in_magnitude_relative_to",
        "fillerId" : "http://purl.obolibrary.org/obo/PATO_0000461"
      } ]
    }, {
      "definedClassId" : "http://purl.obolibrary.org/obo/PATO_0001834",
      "genusIds" : [ "http://purl.obolibrary.org/obo/PATO_0000955" ],
      "restrictions" : [ {
        "propertyId" : "http://purl.obolibrary.org/obo/pato#decreased_in_magnitude_relative_to",
        "fillerId" : "http://purl.obolibrary.org/obo/PATO_0000461"
      } ]
    }, {
      "definedClassId" : "http://purl.obolibrary.org/obo/PATO_0015025",
      "genusIds" : [ "http://purl.obolibrary.org/obo/PATO_0000973" ],
      "restrictions" : [ {
        "propertyId" : "http://purl.obolibrary.org/obo/pato#decreased_in_magnitude_relative_to",
        "fillerId" : "http://purl.obolibrary.org/obo/PATO_0000461"
      } ]
    }, {
      "definedClassId" : "http://purl.obolibrary.org/obo/PATO_0002303",
      "genusIds" : [ "http://purl.obolibrary.org/obo/PATO_0001241" ],
      "restrictions" : [ {
        "propertyId" : "http://purl.obolibrary.org/obo/pato#decreased_in_magnitude_relative_to",
        "fillerId" : "http://purl.obolibrary.org/obo/PATO_0000461"
      } ]
    }, {
      "definedClassId" : "http://purl.obolibrary.org/obo/PATO_0001689",
      "genusIds" : [ "http://purl.obolibrary.org/obo/PATO_0001687" ],
      "restrictions" : [ {
        "propertyId" : "http://purl.obolibrary.org/obo/pato#decreased_in_magnitude_relative_to",
        "fillerId" : "http://purl.obolibrary.org/obo/PATO_0000461"
      } ]
    }, {
      "definedClassId" : "http://purl.obolibrary.org/obo/PATO_0001476",
      "genusIds" : [ "http://purl.obolibrary.org/obo/PATO_0000140" ],
      "restrictions" : [ {
        "propertyId" : "http://purl.obolibrary.org/obo/pato#decreased_in_magnitude_relative_to",
        "fillerId" : "http://purl.obolibrary.org/obo/PATO_0000461"
      } ]
    }, {
      "definedClassId" : "http://purl.obolibrary.org/obo/PATO_0002300",
      "genusIds" : [ "http://purl.obolibrary.org/obo/PATO_0000001" ],
      "restrictions" : [ {
        "propertyId" : "http://purl.obolibrary.org/obo/pato#increased_in_magnitude_relative_to",
        "fillerId" : "http://purl.obolibrary.org/obo/PATO_0000461"
      } ]
    }, {
      "definedClassId" : "http://purl.obolibrary.org/obo/PATO_0001657",
      "genusIds" : [ "http://purl.obolibrary.org/obo/PATO_0001655" ],
      "restrictions" : [ {
        "propertyId" : "http://purl.obolibrary.org/obo/pato#increased_in_magnitude_relative_to",
        "fillerId" : "http://purl.obolibrary.org/obo/PATO_0000461"
      } ]
    }, {
      "definedClassId" : "http://purl.obolibrary.org/obo/PATO_0001305",
      "genusIds" : [ "http://purl.obolibrary.org/obo/PATO_0000146" ],
      "restrictions" : [ {
        "propertyId" : "http://purl.obolibrary.org/obo/pato#increased_in_magnitude_relative_to",
        "fillerId" : "http://purl.obolibrary.org/obo/PATO_0000461"
      } ]
    }, {
      "definedClassId" : "http://purl.obolibrary.org/obo/PATO_0001835",
      "genusIds" : [ "http://purl.obolibrary.org/obo/PATO_0000955" ],
      "restrictions" : [ {
        "propertyId" : "http://purl.obolibrary.org/obo/pato#increased_in_magnitude_relative_to",
        "fillerId" : "http://purl.obolibrary.org/obo/PATO_0000461"
      } ]
    }, {
      "definedClassId" : "http://purl.obolibrary.org/obo/PATO_0000386",
      "genusIds" : [ "http://purl.obolibrary.org/obo/PATO_0000048" ],
      "restrictions" : [ {
        "propertyId" : "http://purl.obolibrary.org/obo/pato#increased_in_magnitude_relative_to",
        "fillerId" : "http://purl.obolibrary.org/obo/PATO_0000461"
      } ]
    }, {
      "definedClassId" : "http://purl.obolibrary.org/obo/PATO_0002301",
      "genusIds" : [ "http://purl.obolibrary.org/obo/PATO_0000001" ],
      "restrictions" : [ {
        "propertyId" : "http://purl.obolibrary.org/obo/pato#decreased_in_magnitude_relative_to",
        "fillerId" : "http://purl.obolibrary.org/obo/PATO_0000461"
      } ]
    }, {
      "definedClassId" : "http://purl.obolibrary.org/obo/PATO_0000387",
      "genusIds" : [ "http://purl.obolibrary.org/obo/PATO_0000048" ],
      "restrictions" : [ {
        "propertyId" : "http://purl.obolibrary.org/obo/pato#decreased_in_magnitude_relative_to",
        "fillerId" : "http://purl.obolibrary.org/obo/PATO_0000461"
      } ]
    }, {
      "definedClassId" : "http://purl.obolibrary.org/obo/PATO_0001306",
      "genusIds" : [ "http://purl.obolibrary.org/obo/PATO_0000146" ],
      "restrictions" : [ {
        "propertyId" : "http://purl.obolibrary.org/obo/pato#decreased_in_magnitude_relative_to",
        "fillerId" : "http://purl.obolibrary.org/obo/PATO_0000461"
      } ]
    }, {
      "definedClassId" : "http://purl.obolibrary.org/obo/PATO_0001475",
      "genusIds" : [ "http://purl.obolibrary.org/obo/PATO_0000140" ],
      "restrictions" : [ {
        "propertyId" : "http://purl.obolibrary.org/obo/pato#increased_in_magnitude_relative_to",
        "fillerId" : "http://purl.obolibrary.org/obo/PATO_0000461"
      } ]
    }, {
      "definedClassId" : "http://purl.obolibrary.org/obo/PATO_0002305",
      "genusIds" : [ "http://purl.obolibrary.org/obo/PATO_0001241" ],
      "restrictions" : [ {
        "propertyId" : "http://purl.obolibrary.org/obo/pato#increased_in_magnitude_relative_to",
        "fillerId" : "http://purl.obolibrary.org/obo/PATO_0000461"
      } ]
    }, {
      "definedClassId" : "http://purl.obolibrary.org/obo/PATO_0000587",
      "genusIds" : [ "http://purl.obolibrary.org/obo/PATO_0000117" ],
      "restrictions" : [ {
        "propertyId" : "http://purl.obolibrary.org/obo/pato#decreased_in_magnitude_relative_to",
        "fillerId" : "http://purl.obolibrary.org/obo/PATO_0000461"
      } ]
    }, {
      "definedClassId" : "http://purl.obolibrary.org/obo/PATO_0015024",
      "genusIds" : [ "http://purl.obolibrary.org/obo/PATO_0000973" ],
      "restrictions" : [ {
        "propertyId" : "http://purl.obolibrary.org/obo/pato#increased_in_magnitude_relative_to",
        "fillerId" : "http://purl.obolibrary.org/obo/PATO_0000461"
      } ]
    }, {
      "definedClassId" : "http://purl.obolibrary.org/obo/PATO_0001688",
      "genusIds" : [ "http://purl.obolibrary.org/obo/PATO_0001687" ],
      "restrictions" : [ {
        "propertyId" : "http://purl.obolibrary.org/obo/pato#increased_in_magnitude_relative_to",
        "fillerId" : "http://purl.obolibrary.org/obo/PATO_0000461"
      } ]
    }, {
      "definedClassId" : "http://purl.obolibrary.org/obo/PATO_0001656",
      "genusIds" : [ "http://purl.obolibrary.org/obo/PATO_0001655" ],
      "restrictions" : [ {
        "propertyId" : "http://purl.obolibrary.org/obo/pato#decreased_in_magnitude_relative_to",
        "fillerId" : "http://purl.obolibrary.org/obo/PATO_0000461"
      } ]
    } ],
    "domainRangeAxioms" : [ {
      "predicateId" : "http://purl.obolibrary.org/obo/pato#increased_in_magnitude_relative_to",
      "domainClassIds" : [ "http://purl.obolibrary.org/obo/PATO_0000001" ],
      "rangeClassIds" : [ "http://purl.obolibrary.org/obo/PATO_0000001" ]
    }, {
      "predicateId" : "http://purl.obolibrary.org/obo/pato#different_in_magnitude_relative_to",
      "domainClassIds" : [ "http://purl.obolibrary.org/obo/PATO_0000001" ],
      "rangeClassIds" : [ "http://purl.obolibrary.org/obo/PATO_0000001" ]
    }, {
      "predicateId" : "http://purl.obolibrary.org/obo/pato#decreased_in_magnitude_relative_to",
      "domainClassIds" : [ "http://purl.obolibrary.org/obo/PATO_0000001" ],
      "rangeClassIds" : [ "http://purl.obolibrary.org/obo/PATO_0000001" ]
    } ],
    "propertyChainAxioms" : [ ]
  } ]
}