?cls	?replCls	?consCls
<http://purl.obolibrary.org/obo/ECOCORE_00000024>		
<http://purl.obolibrary.org/obo/ECOCORE_00000027>		
<http://purl.obolibrary.org/obo/ECOCORE_00000034>		
<http://purl.obolibrary.org/obo/ECOCORE_00000035>		
<http://purl.obolibrary.org/obo/ECOCORE_00000036>		
<http://purl.obolibrary.org/obo/ECOCORE_00000037>		
<http://purl.obolibrary.org/obo/ECOCORE_00000038>		
<http://purl.obolibrary.org/obo/ECOCORE_00000039>		
<http://purl.obolibrary.org/obo/ECOCORE_00000040>		
<http://purl.obolibrary.org/obo/ECOCORE_00000041>		
<http://purl.obolibrary.org/obo/ECOCORE_00000078>		
<http://purl.obolibrary.org/obo/ECOCORE_00000079>		
<http://purl.obolibrary.org/obo/ECOCORE_00000080>		
<http://purl.obolibrary.org/obo/ECOCORE_00000081>		
<http://purl.obolibrary.org/obo/ECOCORE_00000142>		
