defined_class	food_taxon	exact_synonym	definition_source	term_editor
# Existing terms that match this pattern. When migrating a term from
# ecocore-edit.owl to be generated by this pattern, remove its manual
# EquivalentClasses axiom from the OWL file. The pattern will generate a
# stronger form: heterotrophy AND (has_input some food_taxon).
ECOCORE:00000016	NCBITaxon:4751	fungal feeding|mycophagy	https://en.wikipedia.org/wiki/Fungivore	https://orcid.org/0000-0002-2908-3327|https://orcid.org/0000-0002-4366-3088
ECOCORE:00000021	NCBITaxon:33208	zoophagy		https://orcid.org/0000-0002-2908-3327|https://orcid.org/0000-0002-4366-3088
ECOCORE:00000057	ENVO:01001103			https://orcid.org/0000-0002-2908-3327
ECOCORE:00000100	PO:0009010	granivory		https://orcid.org/0000-0002-2908-3327
ECOCORE:00000114	NCBITaxon:2	bacterial feeding		https://orcid.org/0000-0002-2908-3327
